Date,B1,B2,B3,B4,B5,S1
10/6/2008,19,24,27,33,41,9
10/8/2008,22,24,32,41,48,1
10/11/2008,10,20,22,39,46,4
10/13/2008,10,11,37,41,48,4
10/15/2008,18,20,28,40,49,1
10/18/2008,4,32,35,39,44,10
10/20/2008,7,15,31,43,48,3
10/22/2008,11,12,14,28,48,2
10/25/2008,11,13,19,22,46,3
10/27/2008,4,6,37,44,46,2
10/29/2008,22,28,41,43,49,4
11/1/2008,4,22,27,36,45,3
11/3/2008,2,20,23,24,26,8
11/5/2008,4,8,15,38,47,7
11/8/2008,5,22,25,33,35,9
11/10/2008,9,12,21,38,45,6
11/12/2008,23,34,35,40,45,5
11/15/2008,10,22,41,43,48,3
11/17/2008,1,6,19,23,41,6
11/19/2008,2,26,34,37,41,4
11/22/2008,12,20,30,36,45,6
11/24/2008,17,30,31,36,43,8
11/26/2008,11,13,25,28,49,5
11/29/2008,18,20,22,32,36,7
12/1/2008,15,19,32,37,38,1
12/3/2008,26,29,31,34,42,10
12/6/2008,2,5,13,24,48,4
12/8/2008,1,11,15,29,31,8
12/10/2008,10,11,35,38,41,3
12/13/2008,8,24,31,38,42,7
12/15/2008,2,5,15,27,48,8
12/17/2008,13,31,33,44,49,9
12/20/2008,2,22,26,41,46,5
12/22/2008,2,5,27,35,48,3
12/24/2008,2,4,27,33,41,5
12/27/2008,17,36,37,47,49,10
12/29/2008,14,21,26,27,38,4
12/31/2008,5,11,20,24,30,8
1/3/2009,12,22,24,38,47,1
1/5/2009,8,11,25,29,36,2
1/7/2009,9,11,33,37,39,8
1/10/2009,10,21,40,44,49,2
1/12/2009,4,9,11,29,47,8
1/14/2009,1,5,13,19,42,3
1/17/2009,2,5,27,37,46,4
1/19/2009,7,26,32,38,39,9
1/21/2009,3,10,32,35,47,3
1/24/2009,5,15,20,28,40,10
1/26/2009,8,10,13,39,49,10
1/28/2009,7,38,40,41,46,5
1/31/2009,6,18,31,36,40,7
2/2/2009,4,12,31,38,41,8
2/4/2009,10,20,27,43,47,3
2/7/2009,4,16,22,34,49,10
2/9/2009,3,13,17,31,46,5
2/11/2009,1,10,14,35,46,8
2/14/2009,12,16,18,24,44,4
2/16/2009,16,21,23,29,46,4
2/18/2009,10,23,28,40,43,9
2/21/2009,21,39,40,47,48,5
2/23/2009,3,14,22,31,34,7
2/25/2009,4,15,21,30,36,4
2/28/2009,14,16,25,41,45,10
3/2/2009,8,14,29,41,48,10
3/4/2009,7,9,10,25,29,6
3/7/2009,2,15,22,24,36,8
3/9/2009,3,5,27,32,40,9
3/11/2009,4,7,8,11,22,5
3/14/2009,11,18,20,27,38,6
3/16/2009,27,35,36,44,45,2
3/18/2009,3,20,34,39,42,2
3/21/2009,2,15,32,39,45,10
3/23/2009,1,2,10,25,33,4
3/25/2009,5,10,15,33,34,7
3/28/2009,19,22,23,26,27,2
3/30/2009,24,29,32,45,47,10
4/1/2009,22,27,30,37,45,3
4/4/2009,8,27,37,41,45,6
4/6/2009,28,31,33,43,48,7
4/8/2009,7,10,33,34,46,6
4/11/2009,2,5,19,21,23,7
4/13/2009,9,11,20,24,30,1
4/15/2009,12,23,37,39,43,8
4/18/2009,12,20,31,32,45,8
4/20/2009,11,12,34,38,43,3
4/22/2009,2,31,33,43,49,9
4/25/2009,9,20,23,34,49,8
4/27/2009,4,9,21,34,37,2
4/29/2009,4,15,26,29,30,3
5/2/2009,5,7,11,15,23,1
5/4/2009,1,12,23,33,46,1
5/6/2009,13,20,36,44,48,1
5/9/2009,20,22,28,30,45,3
5/11/2009,9,15,27,34,48,6
5/13/2009,12,36,38,39,49,10
5/16/2009,1,2,7,26,44,9
5/18/2009,26,28,34,35,49,4
5/20/2009,3,15,23,28,35,10
5/23/2009,3,13,25,33,38,3
5/25/2009,3,6,25,40,46,4
5/27/2009,3,5,7,23,48,7
5/30/2009,10,14,25,30,34,9
6/1/2009,18,24,26,35,47,1
6/3/2009,14,21,26,32,46,6
6/6/2009,13,15,32,33,46,10
6/8/2009,22,25,29,31,41,5
6/10/2009,27,42,45,48,49,7
6/13/2009,16,24,28,39,46,4
6/15/2009,11,21,40,41,49,4
6/17/2009,3,8,27,37,41,2
6/20/2009,21,26,27,33,49,7
6/22/2009,17,28,36,41,42,4
6/24/2009,4,16,17,21,22,1
6/27/2009,3,4,6,13,41,8
6/29/2009,9,10,28,35,43,8
7/1/2009,5,13,28,29,34,4
7/4/2009,4,8,27,39,43,3
7/6/2009,12,31,32,44,45,2
7/8/2009,4,5,6,10,16,3
7/11/2009,5,14,17,35,42,1
7/13/2009,2,18,20,26,34,1
7/15/2009,1,4,14,23,25,10
7/18/2009,9,14,26,34,44,9
7/20/2009,5,23,27,34,44,1
7/22/2009,17,24,28,35,45,6
7/25/2009,3,14,27,33,40,9
7/27/2009,7,13,18,47,48,4
7/29/2009,3,14,16,25,35,3
8/1/2009,10,18,22,44,45,6
8/3/2009,9,18,26,38,49,8
8/5/2009,10,20,29,40,43,7
8/8/2009,2,16,20,38,41,9
8/10/2009,2,5,22,24,31,6
8/12/2009,6,17,33,34,39,5
8/15/2009,1,24,27,32,41,9
8/17/2009,2,9,14,17,25,9
8/19/2009,7,28,33,35,42,10
8/22/2009,8,21,27,29,31,10
8/24/2009,11,18,22,28,33,2
8/26/2009,7,14,31,38,44,1
8/29/2009,7,19,23,27,34,7
8/31/2009,1,5,13,16,20,2
9/2/2009,5,6,12,15,17,1
9/5/2009,1,17,20,37,44,8
9/7/2009,4,8,21,31,39,2
9/9/2009,1,7,12,22,23,4
9/12/2009,4,7,11,29,41,4
9/14/2009,9,18,22,32,43,1
9/16/2009,7,21,25,30,40,1
9/19/2009,12,19,27,33,38,7
9/21/2009,3,4,7,38,46,2
9/23/2009,4,5,24,42,47,6
9/26/2009,2,21,25,37,43,9
9/28/2009,3,16,20,30,44,4
9/30/2009,2,5,33,35,40,4
10/3/2009,7,9,15,47,49,7
10/5/2009,11,12,20,21,32,4
10/7/2009,1,4,12,21,46,8
10/10/2009,1,3,16,23,38,3
10/12/2009,7,28,38,43,48,5
10/14/2009,6,24,35,36,42,2
10/17/2009,8,12,16,20,49,5
10/19/2009,3,4,6,11,31,1
10/21/2009,1,10,15,26,49,7
10/24/2009,15,27,28,38,39,10
10/26/2009,1,3,42,47,49,7
10/28/2009,7,8,11,30,37,3
10/31/2009,23,27,30,36,39,2
11/2/2009,9,17,23,34,40,9
11/4/2009,18,19,22,23,33,1
11/7/2009,1,3,13,18,41,1
11/9/2009,1,2,3,29,48,9
11/11/2009,7,17,22,41,47,6
11/14/2009,16,24,28,39,47,9
11/16/2009,19,20,27,32,36,7
11/18/2009,1,19,20,22,24,6
11/21/2009,12,20,33,40,46,6
11/23/2009,3,12,13,30,37,8
11/25/2009,11,14,15,33,39,6
11/28/2009,15,35,37,39,41,4
11/30/2009,7,12,23,27,43,6
12/2/2009,10,20,21,28,47,6
12/5/2009,7,16,22,28,39,7
12/7/2009,19,20,33,42,43,5
12/9/2009,1,11,22,23,31,1
12/12/2009,4,13,18,30,39,1
12/14/2009,8,13,26,38,46,2
12/16/2009,15,23,30,39,49,5
12/19/2009,6,9,15,16,40,6
12/21/2009,3,27,28,38,42,9
12/23/2009,15,17,18,24,44,6
12/26/2009,6,7,16,25,41,5
12/28/2009,12,15,23,27,46,6
12/30/2009,2,5,15,21,39,10
1/2/2010,5,17,23,43,49,4
1/4/2010,18,21,32,33,41,9
1/6/2010,19,31,38,44,49,3
1/9/2010,4,14,23,35,46,7
1/11/2010,6,20,24,31,36,4
1/13/2010,4,7,14,31,37,8
1/16/2010,3,21,32,33,38,10
1/18/2010,7,8,22,28,38,10
1/20/2010,13,28,37,45,48,9
1/23/2010,2,13,24,39,48,1
1/25/2010,6,8,31,36,45,9
1/27/2010,5,10,15,43,45,9
1/30/2010,18,21,26,44,47,3
2/1/2010,1,18,29,39,40,2
2/3/2010,7,13,30,44,48,7
2/6/2010,5,16,18,34,37,5
2/8/2010,7,13,24,36,42,4
2/10/2010,6,11,12,19,45,10
2/13/2010,1,3,7,14,38,5
2/15/2010,8,15,24,39,48,8
2/17/2010,22,23,26,29,40,5
2/20/2010,23,34,36,39,49,8
2/22/2010,11,18,24,41,48,2
2/24/2010,1,2,27,31,45,8
2/27/2010,2,10,13,35,40,1
3/1/2010,8,11,19,48,49,7
3/3/2010,2,17,23,25,37,7
3/6/2010,5,9,18,26,36,9
3/8/2010,10,11,23,43,49,10
3/10/2010,1,13,36,44,48,2
3/13/2010,6,8,16,32,37,7
3/15/2010,1,4,15,18,38,6
3/17/2010,1,9,18,24,46,7
3/20/2010,2,15,28,36,49,3
3/22/2010,25,29,34,44,47,9
3/24/2010,8,9,28,35,42,6
3/27/2010,9,21,42,43,46,6
3/29/2010,2,34,41,44,46,2
3/31/2010,21,28,39,46,49,1
4/3/2010,20,35,39,42,48,2
4/5/2010,17,18,21,36,47,6
4/7/2010,2,11,28,33,43,1
4/10/2010,13,22,33,36,49,4
4/12/2010,4,11,31,36,46,10
4/14/2010,2,9,12,21,29,7
4/17/2010,9,16,24,32,42,3
4/19/2010,2,17,22,38,44,8
4/21/2010,1,9,24,26,35,4
4/24/2010,3,17,27,34,41,4
4/26/2010,4,7,24,29,46,10
4/28/2010,9,25,34,38,49,1
5/1/2010,3,6,28,39,42,5
5/3/2010,8,11,12,26,48,6
5/5/2010,4,10,18,27,30,1
5/8/2010,1,16,29,31,39,2
5/10/2010,4,10,33,35,41,5
5/12/2010,14,22,23,27,28,4
5/15/2010,9,27,31,32,44,8
5/17/2010,9,26,27,29,36,5
5/19/2010,12,17,24,30,38,7
5/22/2010,2,17,40,46,48,10
5/24/2010,3,8,12,29,35,1
5/26/2010,3,6,22,35,47,1
5/29/2010,21,26,33,46,49,1
5/31/2010,5,32,33,46,49,1
6/2/2010,11,14,17,23,43,10
6/5/2010,22,31,37,43,45,5
6/7/2010,26,28,29,42,48,1
6/9/2010,14,20,24,44,48,10
6/12/2010,15,24,30,43,48,7
6/14/2010,15,23,45,48,49,2
6/16/2010,3,9,15,40,48,10
6/19/2010,19,21,23,36,49,4
6/21/2010,24,35,37,45,48,2
6/23/2010,1,16,27,35,41,1
6/26/2010,7,11,16,37,47,10
6/28/2010,12,19,41,42,49,8
6/30/2010,14,17,18,28,44,2
7/3/2010,2,10,28,33,46,8
7/5/2010,22,31,33,39,43,10
7/7/2010,20,26,31,47,49,10
7/10/2010,12,27,30,32,42,7
7/12/2010,11,15,24,38,47,6
7/14/2010,5,11,26,30,48,1
7/17/2010,20,22,28,32,47,6
7/19/2010,10,16,24,27,47,5
7/21/2010,3,9,21,43,45,1
7/24/2010,7,16,18,33,43,5
7/26/2010,4,23,37,42,43,7
7/28/2010,7,10,25,37,47,10
7/31/2010,2,8,25,28,44,4
8/2/2010,16,32,37,38,44,3
8/4/2010,8,9,22,32,46,8
8/7/2010,5,6,27,43,46,7
8/9/2010,7,8,15,18,25,6
8/11/2010,5,7,8,22,26,2
8/14/2010,9,11,21,27,49,5
8/16/2010,13,22,28,31,40,9
8/18/2010,23,27,43,46,49,6
8/21/2010,8,14,29,44,48,7
8/23/2010,9,16,28,41,49,5
8/25/2010,19,23,36,39,49,3
8/28/2010,13,16,18,19,20,2
8/30/2010,3,16,22,28,49,4
9/1/2010,16,20,21,33,39,2
9/4/2010,9,11,15,42,49,3
9/6/2010,17,19,22,29,43,8
9/8/2010,13,21,24,44,47,3
9/11/2010,7,13,36,41,45,5
9/13/2010,8,25,33,39,43,8
9/15/2010,1,8,30,38,40,6
9/18/2010,1,7,11,33,43,1
9/20/2010,1,17,25,37,45,9
9/22/2010,2,14,17,37,38,1
9/25/2010,5,12,21,29,42,2
9/27/2010,1,15,22,23,46,9
9/29/2010,25,26,32,33,41,3
10/2/2010,7,13,16,35,41,1
10/4/2010,7,9,29,31,46,8
10/6/2010,6,25,33,37,43,1
10/9/2010,2,17,23,26,43,3
10/11/2010,1,4,9,20,35,8
10/13/2010,9,22,25,33,44,3
10/16/2010,1,13,22,37,46,9
10/18/2010,1,26,29,31,38,5
10/20/2010,11,13,18,24,33,7
10/23/2010,9,14,16,47,49,7
10/25/2010,4,10,36,40,41,10
10/27/2010,3,13,15,32,46,5
10/30/2010,4,14,22,35,38,5
11/1/2010,1,15,17,24,28,10
11/3/2010,6,15,33,46,49,1
11/6/2010,7,19,24,35,42,3
11/8/2010,6,9,14,35,47,9
11/10/2010,16,20,39,47,48,4
11/13/2010,5,17,25,29,38,2
11/15/2010,14,17,20,33,47,1
11/17/2010,4,9,30,38,46,10
11/20/2010,1,11,12,27,29,2
11/22/2010,4,17,21,23,26,2
11/24/2010,14,20,22,32,47,5
11/27/2010,9,10,15,43,44,5
11/29/2010,15,16,23,30,41,8
12/1/2010,14,31,32,34,46,3
12/4/2010,7,12,15,24,33,6
12/6/2010,13,25,30,33,36,9
12/8/2010,4,15,19,24,44,1
12/11/2010,3,9,11,28,38,1
12/13/2010,6,9,14,40,49,3
12/15/2010,4,6,16,28,37,8
12/18/2010,11,22,35,40,41,7
12/20/2010,6,9,13,23,32,4
12/22/2010,1,8,18,29,36,9
12/25/2010,7,10,16,29,30,5
12/27/2010,13,30,39,42,44,9
12/29/2010,11,15,29,46,47,3
1/1/2011,11,34,43,46,49,3
1/3/2011,10,18,30,34,37,2
1/5/2011,4,5,27,32,47,5
1/8/2011,12,30,31,34,47,10
1/10/2011,11,33,35,37,40,4
1/12/2011,17,28,30,40,41,7
1/15/2011,6,26,29,36,43,8
1/17/2011,21,24,36,48,49,5
1/19/2011,1,4,12,13,36,4
1/22/2011,6,8,13,27,31,7
1/24/2011,3,6,9,39,48,4
1/26/2011,6,17,23,45,48,1
1/29/2011,12,14,31,33,44,8
1/31/2011,3,10,13,20,43,5
2/2/2011,6,22,23,27,44,3
2/5/2011,1,6,22,31,37,7
2/7/2011,6,8,25,35,49,1
2/9/2011,15,27,31,41,43,7
2/12/2011,2,4,13,38,45,2
2/14/2011,9,31,35,40,48,1
2/16/2011,8,32,33,35,44,9
2/19/2011,1,2,25,32,49,6
2/21/2011,9,20,21,36,46,6
2/23/2011,2,5,21,28,33,10
2/26/2011,10,24,26,35,48,1
2/28/2011,17,20,31,40,49,6
3/2/2011,2,3,20,22,40,7
3/5/2011,11,27,31,44,45,2
3/7/2011,7,9,17,23,38,5
3/9/2011,3,9,15,29,43,8
3/12/2011,15,16,22,33,34,9
3/14/2011,27,32,34,36,38,7
3/16/2011,7,14,20,23,32,4
3/19/2011,1,10,11,23,26,8
3/21/2011,3,23,28,31,40,1
3/23/2011,4,10,13,21,24,5
3/26/2011,4,17,26,30,34,9
3/28/2011,10,15,16,43,46,1
3/30/2011,15,23,27,29,43,10
4/2/2011,5,7,24,35,46,3
4/4/2011,10,12,13,23,37,7
4/6/2011,1,12,19,32,44,3
4/9/2011,6,20,22,31,41,8
4/11/2011,3,13,22,32,47,6
4/13/2011,6,23,33,38,43,1
4/16/2011,6,17,24,35,47,8
4/18/2011,6,7,10,21,22,5
4/20/2011,15,17,18,33,41,9
4/23/2011,8,21,28,32,40,9
4/25/2011,2,10,18,21,34,2
4/27/2011,5,14,23,26,28,6
4/30/2011,2,8,9,42,49,3
5/2/2011,1,4,23,25,40,2
5/4/2011,7,11,13,29,44,2
5/7/2011,3,28,37,38,42,8
5/9/2011,3,13,22,26,48,7
5/11/2011,14,26,28,38,45,5
5/14/2011,3,31,35,38,42,8
5/16/2011,9,11,41,43,46,8
5/18/2011,16,17,23,27,47,1
5/21/2011,5,14,15,27,35,10
5/23/2011,15,19,29,33,38,3
5/25/2011,14,27,34,38,45,3
5/28/2011,1,2,3,5,43,9
5/30/2011,14,20,21,22,47,9
6/1/2011,25,26,30,32,45,5
6/4/2011,3,4,15,27,35,2
6/6/2011,10,13,22,30,45,1
6/8/2011,11,16,20,24,40,5
6/11/2011,5,32,37,39,44,5
6/13/2011,3,17,18,22,28,6
6/15/2011,9,36,37,41,47,8
6/18/2011,9,12,33,43,46,10
6/20/2011,2,8,23,27,36,9
6/22/2011,21,22,26,28,33,5
6/25/2011,6,10,17,39,43,3
6/27/2011,5,12,14,20,43,3
6/29/2011,1,11,18,37,38,4
7/2/2011,1,7,11,26,49,5
7/4/2011,14,25,31,37,46,4
7/6/2011,3,9,10,24,33,6
7/9/2011,4,15,31,44,45,6
7/11/2011,7,23,43,47,48,9
7/13/2011,4,12,16,41,46,6
7/16/2011,18,27,35,37,42,3
7/18/2011,5,19,26,38,47,7
7/20/2011,6,18,23,26,45,6
7/23/2011,13,18,32,43,46,5
7/25/2011,3,11,22,38,41,7
7/27/2011,4,5,6,7,11,10
7/30/2011,8,12,20,41,46,1
8/1/2011,10,25,32,37,43,3
8/3/2011,4,5,17,19,20,10
8/6/2011,4,13,15,17,39,4
8/8/2011,1,12,18,26,30,9
8/10/2011,4,27,28,29,38,2
8/13/2011,3,4,5,13,41,9
8/15/2011,1,3,4,8,23,8
8/17/2011,3,8,29,45,49,9
8/20/2011,21,22,31,40,49,4
8/22/2011,17,36,38,40,44,1
8/24/2011,3,4,17,36,47,4
8/27/2011,13,19,21,27,45,2
8/29/2011,3,10,12,30,46,2
8/31/2011,5,7,9,39,42,3
9/3/2011,7,13,41,42,47,5
9/5/2011,7,10,17,22,23,5
9/7/2011,3,12,13,40,41,7
9/10/2011,1,10,15,24,28,5
9/12/2011,13,18,30,32,45,2
9/14/2011,5,11,14,16,42,3
9/17/2011,1,2,15,23,40,4
9/19/2011,1,13,27,35,48,7
9/21/2011,16,19,20,40,46,4
9/24/2011,4,33,36,40,41,6
9/26/2011,4,11,33,44,49,9
9/28/2011,3,8,16,36,42,3
10/1/2011,14,15,25,32,38,3
10/3/2011,4,12,27,28,40,1
10/5/2011,2,7,20,27,42,5
10/8/2011,21,22,30,31,44,7
10/10/2011,3,15,16,45,47,7
10/12/2011,9,12,20,25,30,5
10/15/2011,5,13,27,37,39,3
10/17/2011,4,13,14,18,48,10
10/19/2011,3,23,35,38,44,8
10/22/2011,6,29,32,44,45,7
10/24/2011,5,15,17,18,31,7
10/26/2011,2,3,6,20,35,1
10/29/2011,12,17,38,42,46,8
10/31/2011,13,21,24,37,47,7
11/2/2011,2,35,38,42,44,9
11/5/2011,2,13,20,32,38,10
11/7/2011,2,11,18,30,47,5
11/9/2011,8,12,17,23,37,2
11/12/2011,12,13,33,44,48,7
11/14/2011,3,18,22,25,43,7
11/16/2011,12,17,27,37,41,10
11/19/2011,22,33,34,37,45,5
11/21/2011,18,31,33,46,49,1
11/23/2011,6,10,16,21,39,5
11/26/2011,3,16,31,39,47,1
11/28/2011,1,2,11,15,24,9
11/30/2011,2,4,29,42,49,2
12/3/2011,6,26,31,34,49,1
12/5/2011,30,36,38,43,47,5
12/7/2011,8,31,32,35,48,1
12/10/2011,14,26,28,30,43,8
12/12/2011,1,16,25,29,48,1
12/14/2011,14,21,33,42,48,1
12/17/2011,9,34,37,38,41,5
12/19/2011,13,23,26,35,42,5
12/21/2011,27,33,37,42,45,2
12/24/2011,7,10,11,12,28,8
12/26/2011,23,28,36,42,43,4
12/28/2011,16,31,36,39,41,5
12/31/2011,2,17,28,32,35,2
1/2/2012,3,16,24,30,36,9
1/4/2012,2,10,23,34,43,5
1/7/2012,1,6,8,10,12,8
1/9/2012,15,25,26,32,34,4
1/11/2012,7,9,23,36,44,7
1/14/2012,1,19,29,38,49,8
1/16/2012,29,36,38,39,47,8
1/18/2012,9,13,21,33,42,4
1/21/2012,1,17,23,31,36,4
1/23/2012,20,25,39,44,48,6
1/25/2012,2,8,23,30,48,5
1/28/2012,12,15,18,23,47,6
1/30/2012,1,22,32,35,40,8
2/1/2012,2,5,16,43,49,7
2/4/2012,9,10,17,32,38,3
2/6/2012,13,15,24,29,49,3
2/8/2012,12,15,19,27,37,3
2/11/2012,11,12,32,36,46,6
2/13/2012,9,22,23,24,36,5
2/15/2012,10,11,22,31,36,1
2/18/2012,5,17,47,48,49,6
2/20/2012,3,9,31,34,35,5
2/22/2012,11,31,33,39,43,10
2/25/2012,4,7,8,19,27,1
2/27/2012,8,23,33,41,45,1
2/29/2012,11,14,17,27,35,4
3/3/2012,2,3,24,27,39,8
3/5/2012,17,28,30,31,34,3
3/7/2012,6,16,22,31,39,7
3/10/2012,2,4,37,40,44,5
3/12/2012,14,16,25,46,48,10
3/14/2012,7,13,31,36,43,9
3/17/2012,13,14,23,32,49,1
3/19/2012,4,10,11,15,28,4
3/21/2012,8,14,37,43,48,5
3/24/2012,8,11,13,18,48,8
3/26/2012,13,14,29,36,49,6
3/28/2012,4,15,17,20,45,9
3/31/2012,1,2,16,25,26,9
4/2/2012,3,19,23,33,39,2
4/4/2012,11,27,36,38,40,8
4/7/2012,19,42,45,46,47,8
4/9/2012,2,14,26,31,33,10
4/11/2012,15,19,27,29,49,1
4/14/2012,1,3,22,40,45,1
4/16/2012,1,2,13,16,21,2
4/18/2012,3,5,20,24,34,3
4/21/2012,3,18,31,41,48,10
4/23/2012,9,24,33,34,45,6
4/25/2012,15,20,29,30,44,7
4/28/2012,2,10,22,37,48,4
4/30/2012,4,18,22,32,39,4
5/2/2012,3,26,29,35,38,1
5/5/2012,8,10,11,21,37,9
5/7/2012,12,13,21,26,46,10
5/9/2012,18,26,32,36,41,4
5/12/2012,6,19,20,22,34,5
5/14/2012,3,11,22,26,43,6
5/16/2012,15,21,22,31,49,1
5/19/2012,11,23,24,42,48,2
5/21/2012,7,19,23,37,45,10
5/23/2012,1,3,19,35,49,9
5/26/2012,27,29,40,41,47,7
5/28/2012,15,30,38,41,42,3
5/30/2012,5,9,13,17,30,3
6/2/2012,9,22,26,34,39,1
6/4/2012,35,38,40,42,43,4
6/6/2012,12,13,21,23,24,6
6/9/2012,13,14,18,20,25,6
6/11/2012,4,6,16,20,29,1
6/13/2012,3,8,20,33,48,10
6/16/2012,1,14,27,31,39,6
6/18/2012,5,7,16,37,38,3
6/20/2012,15,33,36,41,47,5
6/23/2012,6,12,27,41,47,3
6/25/2012,10,11,13,27,40,7
6/27/2012,1,5,11,22,41,7
6/30/2012,1,12,13,42,45,4
7/2/2012,2,6,7,15,46,5
7/4/2012,13,17,37,39,40,6
7/7/2012,1,5,17,30,44,1
7/9/2012,15,26,38,41,45,3
7/11/2012,20,21,23,30,36,9
7/14/2012,5,22,40,41,44,6
7/16/2012,3,6,19,32,37,2
7/18/2012,4,25,26,28,32,5
7/21/2012,1,3,22,40,44,3
7/23/2012,23,28,31,38,40,3
7/25/2012,14,16,17,32,36,6
7/28/2012,4,6,7,29,39,3
7/30/2012,4,6,13,35,38,3
8/1/2012,11,17,30,33,45,6
8/4/2012,25,26,29,34,49,6
8/6/2012,7,10,12,34,47,7
8/8/2012,1,11,32,35,42,4
8/11/2012,1,7,10,44,45,9
8/13/2012,4,12,16,25,49,4
8/15/2012,2,13,15,19,24,5
8/18/2012,2,12,25,26,42,7
8/20/2012,11,26,27,33,45,2
8/22/2012,13,14,18,22,33,7
8/25/2012,2,9,10,13,29,9
8/27/2012,7,8,18,32,40,5
8/29/2012,8,11,20,26,29,9
9/1/2012,5,13,22,25,28,10
9/3/2012,18,22,27,34,37,3
9/5/2012,1,8,10,26,37,4
9/8/2012,9,15,22,34,43,4
9/10/2012,3,19,25,28,43,9
9/12/2012,1,12,32,38,49,8
9/15/2012,15,17,21,37,43,2
9/17/2012,7,14,16,17,25,7
9/19/2012,5,27,34,41,49,7
9/22/2012,17,23,25,37,44,9
9/24/2012,1,18,21,40,41,6
9/26/2012,12,29,38,42,46,9
9/29/2012,7,10,18,21,47,1
10/1/2012,2,29,34,40,41,6
10/3/2012,16,24,25,26,44,1
10/6/2012,1,27,30,39,47,4
10/8/2012,13,24,27,32,39,2
10/10/2012,3,16,19,35,37,3
10/13/2012,1,16,35,41,49,4
10/15/2012,7,11,23,39,44,8
10/17/2012,10,13,19,20,32,2
10/20/2012,11,14,24,34,41,5
10/22/2012,14,24,25,28,41,5
10/24/2012,5,17,24,30,40,7
10/27/2012,2,10,29,41,47,1
10/29/2012,13,16,19,38,46,7
10/31/2012,5,16,23,29,41,1
11/3/2012,9,11,15,22,36,8
11/5/2012,9,14,27,33,37,7
11/7/2012,2,16,21,34,40,7
11/10/2012,3,17,19,43,46,5
11/12/2012,6,20,25,45,48,7
11/14/2012,21,29,39,40,46,8
11/17/2012,6,8,27,33,37,7
11/19/2012,1,3,6,16,41,1
11/21/2012,4,6,10,43,46,10
11/24/2012,5,18,19,21,28,2
11/26/2012,9,15,35,44,48,6
11/28/2012,4,11,16,28,34,1
12/1/2012,12,19,25,44,45,10
12/3/2012,6,11,16,25,39,6
12/5/2012,24,27,28,36,45,8
12/8/2012,22,24,28,45,47,2
12/10/2012,4,16,20,36,47,8
12/12/2012,19,20,32,36,37,4
12/15/2012,11,24,26,33,41,9
12/17/2012,16,27,29,32,39,5
12/19/2012,5,10,19,25,49,8
12/22/2012,1,2,24,34,47,1
12/24/2012,5,7,12,32,47,6
12/26/2012,2,3,5,17,31,9
12/29/2012,7,11,23,37,45,4
12/31/2012,4,21,36,44,47,3
1/2/2013,21,22,31,33,37,4
1/5/2013,6,30,45,46,47,6
1/7/2013,15,31,32,45,48,5
1/9/2013,22,26,29,30,33,9
1/12/2013,6,13,37,40,48,7
1/14/2013,7,10,30,35,37,6
1/16/2013,6,16,24,27,46,5
1/19/2013,9,22,23,42,45,8
1/21/2013,7,22,32,35,38,6
1/23/2013,9,11,19,36,49,6
1/26/2013,2,18,23,34,39,6
1/28/2013,20,28,29,38,40,9
1/30/2013,11,31,40,41,48,5
2/2/2013,6,7,33,34,45,3
2/4/2013,6,18,30,33,34,2
2/6/2013,3,7,25,33,40,1
2/9/2013,2,4,5,23,47,7
2/11/2013,1,25,36,42,45,7
2/13/2013,14,19,39,46,48,2
2/16/2013,4,19,26,27,34,6
2/18/2013,2,5,13,19,41,5
2/20/2013,6,7,8,27,42,1
2/23/2013,30,36,42,45,47,5
2/25/2013,14,17,18,43,46,2
2/27/2013,6,21,25,34,40,7
3/2/2013,5,18,22,30,38,2
3/4/2013,1,9,30,45,47,10
3/6/2013,26,28,36,42,44,4
3/9/2013,4,11,22,40,49,5
3/11/2013,7,8,16,44,49,6
3/13/2013,12,13,34,40,41,7
3/16/2013,5,16,33,38,46,5
3/18/2013,10,18,20,24,32,9
3/20/2013,1,5,12,37,49,7
3/23/2013,9,11,17,24,41,6
3/25/2013,10,14,25,29,41,4
3/27/2013,21,24,33,47,49,3
3/30/2013,9,10,26,30,34,2
4/1/2013,10,16,27,43,47,2
4/3/2013,18,36,37,42,45,8
4/6/2013,1,15,29,33,42,7
4/8/2013,6,8,19,37,38,2
4/10/2013,3,9,18,28,45,5
4/13/2013,22,23,33,41,43,4
4/15/2013,20,21,26,45,46,3
4/17/2013,12,16,29,32,38,8
4/20/2013,3,9,24,28,42,9
4/22/2013,11,14,16,22,37,1
4/24/2013,1,5,6,13,48,9
4/27/2013,9,17,19,26,39,10
4/29/2013,11,12,21,27,39,9
5/1/2013,4,7,31,32,41,9
5/4/2013,6,13,15,40,45,4
5/6/2013,13,15,23,24,48,7
5/8/2013,5,13,15,25,43,10
5/11/2013,3,16,26,45,49,9
5/13/2013,15,23,29,40,49,5
5/15/2013,8,11,13,27,32,4
5/18/2013,4,5,7,17,20,3
5/20/2013,9,23,25,27,47,3
5/22/2013,2,3,13,17,34,9
5/25/2013,7,13,36,40,42,2
5/27/2013,9,13,15,28,37,2
5/29/2013,23,34,41,45,48,7
6/1/2013,6,7,8,21,30,3
6/3/2013,4,14,25,34,38,9
6/5/2013,4,23,25,27,41,1
6/8/2013,17,19,29,32,33,2
6/10/2013,3,13,15,32,35,1
6/12/2013,3,20,40,44,46,4
6/15/2013,4,23,26,32,38,2
6/17/2013,1,3,17,38,39,1
6/19/2013,17,19,22,32,43,1
6/22/2013,16,21,26,35,37,8
6/24/2013,5,10,19,24,29,1
6/26/2013,12,16,19,29,39,8
6/29/2013,8,9,14,23,37,7
7/1/2013,5,21,31,37,38,6
7/3/2013,2,7,25,36,39,4
7/6/2013,12,13,30,35,44,2
7/8/2013,8,24,25,26,44,5
7/10/2013,14,24,31,37,39,7
7/13/2013,10,21,28,31,37,8
7/15/2013,7,33,34,43,44,9
7/17/2013,8,16,17,31,48,4
7/20/2013,9,17,28,30,48,7
7/22/2013,7,12,29,32,38,1
7/24/2013,19,27,36,37,44,3
7/27/2013,10,29,35,37,44,4
7/29/2013,4,34,35,36,40,5
7/31/2013,8,23,28,31,41,7
8/3/2013,17,22,27,33,44,9
8/5/2013,6,11,24,39,43,4
8/7/2013,3,16,33,40,45,4
8/10/2013,5,15,19,24,41,5
8/12/2013,4,11,21,28,38,7
8/14/2013,5,17,22,30,35,2
8/17/2013,26,32,33,41,43,10
8/19/2013,2,3,25,40,46,9
8/21/2013,11,12,26,38,39,10
8/24/2013,5,11,29,39,41,7
8/26/2013,1,9,14,25,49,10
8/28/2013,2,23,30,33,40,1
8/31/2013,2,3,14,26,33,7
9/2/2013,8,16,20,41,46,8
9/4/2013,6,17,25,42,49,6
9/7/2013,1,11,24,25,44,3
9/9/2013,3,5,22,23,35,7
9/11/2013,6,7,13,23,35,2
9/14/2013,18,24,28,43,49,7
9/16/2013,6,15,24,26,38,5
9/18/2013,4,26,35,40,45,3
9/21/2013,16,17,26,30,41,9
9/23/2013,1,2,11,21,36,1
9/25/2013,2,6,12,43,44,5
9/28/2013,1,9,29,34,45,5
9/30/2013,10,15,26,28,45,9
10/2/2013,6,11,17,21,39,7
10/5/2013,7,9,14,27,38,9
10/7/2013,6,15,16,31,46,5
10/9/2013,1,12,18,20,26,2
10/12/2013,4,17,22,24,32,8
10/14/2013,15,19,21,33,35,4
10/16/2013,9,12,14,23,40,8
10/19/2013,8,25,33,44,49,1
10/21/2013,17,25,32,35,36,7
10/23/2013,5,10,11,20,22,3
10/26/2013,3,35,40,42,47,7
10/28/2013,8,14,23,32,44,8
10/30/2013,14,21,35,46,48,1
11/2/2013,4,7,12,13,18,9
11/4/2013,8,13,15,18,24,6
11/6/2013,6,16,20,30,40,3
11/9/2013,9,12,30,33,39,4
11/11/2013,12,16,32,42,48,9
11/13/2013,7,16,36,38,47,6
11/16/2013,20,29,33,38,44,8
11/18/2013,3,28,29,36,46,10
11/20/2013,14,18,28,35,46,1
11/23/2013,2,4,12,33,48,9
11/25/2013,4,15,16,27,42,4
11/27/2013,11,12,16,34,45,9
11/30/2013,2,19,20,36,40,2
12/2/2013,19,33,34,36,40,5
12/4/2013,21,25,27,29,34,3
12/7/2013,2,8,14,17,34,7
12/9/2013,6,20,24,33,45,6
12/11/2013,4,27,39,40,43,8
12/14/2013,8,18,30,45,46,1
12/16/2013,1,31,33,36,37,6
12/18/2013,8,30,36,38,46,1
12/21/2013,10,18,19,24,33,4
12/23/2013,18,29,34,37,41,5
12/25/2013,23,24,28,36,45,3
12/28/2013,1,16,20,26,32,7
12/30/2013,11,20,22,41,44,8
1/1/2014,6,26,34,37,39,7
1/4/2014,1,6,16,29,45,5
1/6/2014,13,17,19,29,30,9
1/8/2014,4,14,29,42,45,8
1/11/2014,8,18,25,35,39,9
1/13/2014,3,20,29,33,47,4
1/15/2014,7,20,30,35,37,6
1/18/2014,1,2,37,43,47,8
1/20/2014,1,10,35,40,42,5
1/22/2014,1,22,38,40,42,7
1/25/2014,14,17,18,30,37,5
1/27/2014,1,19,33,46,48,4
1/29/2014,2,6,8,25,35,8
2/1/2014,2,10,21,41,48,6
2/3/2014,1,5,13,33,44,2
2/5/2014,2,7,16,41,48,8
2/8/2014,6,7,14,38,39,7
2/10/2014,11,17,18,41,45,2
2/12/2014,7,10,15,16,48,7
2/15/2014,4,12,18,33,49,9
2/17/2014,1,9,20,23,32,1
2/19/2014,25,27,32,44,47,7
2/22/2014,1,26,30,32,48,10
2/24/2014,5,8,18,21,38,7
2/26/2014,5,19,22,33,41,1
3/1/2014,4,5,15,17,20,5
3/3/2014,21,28,36,40,41,10
3/5/2014,1,12,31,32,42,1
3/8/2014,6,15,35,40,46,7
3/10/2014,4,6,16,30,43,9
3/12/2014,1,20,25,36,42,10
3/15/2014,5,15,26,30,37,4
3/17/2014,8,19,22,33,45,6
3/19/2014,5,19,26,27,28,9
3/22/2014,4,14,20,26,49,2
3/24/2014,18,21,37,39,41,9
3/26/2014,11,21,38,40,47,6
3/29/2014,12,19,28,29,45,4
3/31/2014,2,6,7,28,32,4
4/2/2014,6,16,28,34,41,4
4/5/2014,9,13,22,40,45,5
4/7/2014,11,13,23,31,42,4
4/9/2014,12,14,28,38,39,10
4/12/2014,5,10,16,34,42,10
4/14/2014,7,11,14,43,45,3
4/16/2014,8,12,25,26,49,1
4/19/2014,12,21,22,40,45,8
4/21/2014,9,18,20,27,38,1
4/23/2014,3,10,29,30,39,10
4/26/2014,2,3,14,38,43,4
4/28/2014,19,32,36,45,49,7
4/30/2014,19,23,32,35,43,10
5/3/2014,5,11,16,36,41,5
5/5/2014,2,16,19,28,37,10
5/7/2014,1,6,11,46,47,5
5/10/2014,6,15,17,21,37,4
5/12/2014,2,12,33,36,43,5
5/14/2014,5,6,21,25,33,1
5/17/2014,32,37,41,43,48,7
5/19/2014,8,9,40,41,49,3
5/21/2014,1,9,23,35,49,1
5/24/2014,17,18,24,39,40,1
5/26/2014,3,8,32,39,40,1
5/28/2014,8,9,26,46,48,7
5/31/2014,2,14,16,28,40,1
6/2/2014,22,26,35,41,47,5
6/4/2014,3,8,22,36,43,3
6/7/2014,5,21,37,38,45,2
6/9/2014,10,34,35,45,47,9
6/11/2014,9,15,22,32,42,6
6/14/2014,5,7,18,24,34,5
6/16/2014,3,5,16,37,42,1
6/18/2014,9,13,18,30,47,3
6/21/2014,3,11,29,30,32,1
6/23/2014,4,31,32,38,40,4
6/25/2014,4,5,23,30,41,4
6/28/2014,13,22,24,40,43,3
6/30/2014,5,24,27,46,47,2
7/2/2014,8,27,36,39,47,3
7/5/2014,3,7,11,25,33,6
7/7/2014,13,14,31,32,41,10
7/9/2014,4,6,8,34,36,5
7/12/2014,1,13,22,23,29,1
7/14/2014,21,32,37,38,41,9
7/16/2014,3,28,36,42,49,7
7/19/2014,8,29,43,44,45,6
7/21/2014,3,9,10,21,27,4
7/23/2014,1,8,15,24,32,6
7/26/2014,1,5,22,41,43,4
7/28/2014,1,14,42,43,45,9
7/30/2014,7,8,9,13,25,9
8/2/2014,4,8,25,32,41,10
8/4/2014,16,24,28,36,43,6
8/6/2014,13,15,21,34,41,8
8/9/2014,4,5,9,21,34,7
8/11/2014,11,25,32,36,46,7
8/13/2014,3,13,18,28,43,5
8/16/2014,9,22,23,37,40,4
8/18/2014,1,19,24,45,46,3
8/20/2014,15,22,31,33,41,4
8/23/2014,7,17,21,26,29,7
8/25/2014,9,26,31,43,45,1
8/27/2014,4,14,22,32,44,2
8/30/2014,6,25,30,36,40,8
9/1/2014,16,22,38,42,47,1
9/3/2014,4,10,13,20,38,4
9/6/2014,3,13,14,15,42,7
9/8/2014,1,17,40,42,43,10
9/10/2014,6,16,26,31,40,7
9/13/2014,7,23,27,28,33,1
9/15/2014,2,10,16,35,44,6
9/17/2014,3,6,10,18,23,4
9/20/2014,22,25,31,34,46,6
9/22/2014,1,13,26,31,44,6
9/24/2014,10,16,25,38,49,9
9/27/2014,9,26,29,35,38,5
9/29/2014,4,17,28,33,41,5
10/1/2014,16,17,27,42,44,8
10/4/2014,12,14,29,41,45,7
10/6/2014,9,20,22,40,46,7
10/8/2014,4,13,21,23,43,10
10/11/2014,10,15,19,24,28,9
10/13/2014,1,12,15,29,30,1
10/15/2014,9,28,37,41,46,10
10/18/2014,1,15,24,27,43,7
10/20/2014,13,21,26,30,40,5
10/22/2014,10,19,33,35,47,2
10/25/2014,14,24,39,47,49,4
10/27/2014,12,13,28,32,33,6
10/29/2014,6,17,18,29,32,9
11/1/2014,2,9,29,36,48,10
11/3/2014,18,24,34,44,45,8
11/5/2014,1,24,27,37,46,1
11/8/2014,7,14,27,40,46,5
11/10/2014,6,18,23,24,30,7
11/12/2014,13,19,23,27,40,5
11/15/2014,3,16,23,28,39,10
11/17/2014,16,23,35,47,48,10
11/19/2014,13,14,18,29,41,3
11/22/2014,1,9,22,26,44,10
11/24/2014,17,18,32,47,49,3
11/26/2014,5,12,20,34,47,3
11/29/2014,2,18,44,47,49,2
12/1/2014,40,43,44,48,49,8
12/3/2014,11,26,28,31,49,7
12/6/2014,10,18,20,37,43,8
12/8/2014,10,14,32,43,47,10
12/10/2014,3,8,11,16,27,6
12/13/2014,10,13,20,38,43,1
12/15/2014,15,23,41,42,47,4
12/17/2014,6,8,13,32,46,10
12/20/2014,10,19,21,22,26,9
12/22/2014,6,16,23,34,35,8
12/24/2014,4,18,22,31,36,7
12/27/2014,4,20,34,39,48,10
12/29/2014,26,27,30,44,49,1
12/31/2014,34,37,41,43,46,10
1/3/2015,12,28,31,32,48,3
1/5/2015,8,31,37,45,49,7
1/7/2015,7,20,21,29,33,1
1/10/2015,2,5,18,23,33,4
1/12/2015,13,15,20,27,34,1
1/14/2015,2,7,18,21,23,6
1/17/2015,19,30,39,40,43,4
1/19/2015,4,7,18,25,35,4
1/21/2015,6,19,34,42,49,10
1/24/2015,5,13,21,36,44,1
1/26/2015,17,18,27,35,40,6
1/28/2015,9,12,16,33,41,1
1/31/2015,4,14,25,31,46,5
2/2/2015,1,11,14,16,17,10
2/4/2015,9,24,28,35,49,4
2/7/2015,7,19,21,29,37,2
2/9/2015,4,27,34,40,49,2
2/11/2015,13,17,24,40,45,3
2/14/2015,2,26,27,38,41,7
2/16/2015,1,9,14,20,36,2
2/18/2015,9,21,25,29,44,7
2/21/2015,3,13,27,45,47,4
2/23/2015,3,4,22,28,40,2
2/25/2015,20,29,30,44,47,1
2/28/2015,5,14,30,36,46,6
3/2/2015,11,17,23,27,48,1
3/4/2015,8,16,23,32,34,4
3/7/2015,3,9,18,43,48,2
3/9/2015,26,28,31,34,35,5
3/11/2015,1,2,35,36,49,4
3/14/2015,3,8,14,30,39,10
3/16/2015,7,11,35,48,49,7
3/18/2015,4,10,15,26,30,5
3/21/2015,21,22,28,41,47,5
3/23/2015,1,3,20,48,49,7
3/25/2015,9,10,17,20,43,7
3/28/2015,19,20,27,39,40,8
3/30/2015,4,10,13,20,32,1
4/1/2015,13,20,21,25,41,4
4/4/2015,15,23,28,33,39,1
4/6/2015,1,16,17,31,33,3
4/8/2015,2,15,30,36,38,2
4/11/2015,5,17,33,41,45,9
4/13/2015,9,36,41,43,48,2
4/15/2015,6,10,30,39,43,5
4/18/2015,1,20,38,44,49,3
4/20/2015,2,10,15,28,37,2
4/22/2015,10,21,25,43,45,5
4/25/2015,10,20,27,29,30,6
4/27/2015,5,15,28,41,43,4
4/29/2015,2,20,35,42,49,3
5/2/2015,3,19,30,33,46,5
5/4/2015,8,14,30,48,49,1
5/6/2015,7,29,32,34,35,10
5/9/2015,4,8,29,40,46,3
5/11/2015,1,28,31,34,49,4
5/13/2015,6,15,22,37,45,5
5/16/2015,8,22,23,39,46,3
5/18/2015,2,10,38,39,41,5
5/20/2015,10,12,22,37,41,10
5/23/2015,12,19,26,41,45,7
5/25/2015,15,29,35,44,49,3
5/27/2015,8,22,29,32,42,3
5/30/2015,6,30,43,45,47,5
6/1/2015,3,4,12,38,49,2
6/3/2015,12,18,25,30,47,2
6/6/2015,4,24,29,30,47,3
6/8/2015,3,8,9,41,44,10
6/10/2015,8,12,19,40,46,8
6/13/2015,11,15,16,29,46,4
6/15/2015,16,19,22,35,37,2
6/17/2015,26,30,41,44,48,1
6/20/2015,3,8,13,32,37,4
6/22/2015,24,35,37,38,43,2
6/24/2015,25,29,38,41,49,2
6/27/2015,14,29,40,42,47,4
6/29/2015,2,12,14,16,42,7
7/1/2015,5,18,19,38,49,10
7/4/2015,4,29,38,40,49,3
7/6/2015,12,17,35,36,43,3
7/8/2015,5,20,32,39,42,7
7/11/2015,4,14,23,26,36,1
7/13/2015,22,29,31,37,39,8
7/15/2015,2,14,30,43,46,8
7/18/2015,18,35,37,41,45,3
7/20/2015,2,17,24,29,31,1
7/22/2015,24,30,31,33,36,1
7/25/2015,5,7,10,13,43,4
7/27/2015,6,14,28,37,41,5
7/29/2015,2,3,22,36,42,9
8/1/2015,9,23,24,31,34,9
8/3/2015,1,10,39,48,49,1
8/5/2015,9,10,22,34,36,4
8/8/2015,8,11,12,33,35,9
8/10/2015,12,14,28,37,44,5
8/12/2015,1,8,15,24,43,2
8/15/2015,6,13,25,47,49,4
8/17/2015,9,26,29,36,42,1
8/19/2015,6,21,34,38,45,4
8/22/2015,4,19,20,29,49,9
8/24/2015,5,6,17,30,42,1
8/26/2015,15,26,37,41,44,8
8/29/2015,2,23,38,40,43,8
8/31/2015,1,12,31,38,41,4
9/2/2015,6,9,17,28,29,2
9/5/2015,14,24,25,42,45,9
9/7/2015,5,19,21,29,32,3
9/9/2015,3,10,19,41,44,7
9/12/2015,1,30,31,38,41,10
9/14/2015,3,37,43,48,49,2
9/16/2015,7,11,17,34,42,6
9/19/2015,2,16,25,33,43,9
9/21/2015,12,27,28,42,47,5
9/23/2015,18,20,31,35,49,3
9/26/2015,4,13,14,21,24,1
9/28/2015,23,36,37,39,49,8
9/30/2015,15,16,18,26,35,7
10/3/2015,8,18,20,27,37,4
10/5/2015,13,27,28,31,42,6
10/7/2015,2,14,27,28,29,9
10/10/2015,15,23,30,41,45,7
10/12/2015,1,3,4,16,49,4
10/14/2015,6,20,33,35,38,2
10/17/2015,9,14,22,33,46,8
10/19/2015,31,33,36,47,48,7
10/21/2015,22,25,26,31,35,6
10/24/2015,7,11,12,29,39,2
10/26/2015,4,17,19,23,49,3
10/28/2015,2,5,17,30,49,2
10/31/2015,33,34,36,43,48,10
11/2/2015,7,8,21,32,48,4
11/4/2015,8,11,15,21,32,6
11/7/2015,4,7,23,28,32,1
11/9/2015,8,25,32,37,39,10
11/11/2015,1,6,13,15,17,2
11/14/2015,10,29,34,37,47,10
11/16/2015,12,28,40,42,47,1
11/18/2015,1,5,23,25,47,1
11/21/2015,12,16,18,24,43,10
11/23/2015,12,14,20,37,47,6
11/25/2015,7,18,22,24,41,3
11/28/2015,12,19,30,37,46,9
11/30/2015,5,19,27,35,40,9
12/2/2015,3,9,10,39,45,7
12/5/2015,9,20,26,27,47,7
12/7/2015,14,22,28,37,42,10
12/9/2015,6,10,12,34,49,7
12/12/2015,2,13,15,34,40,8
12/14/2015,7,11,20,31,49,7
12/16/2015,22,24,35,41,46,10
12/19/2015,4,25,38,39,42,7
12/21/2015,7,11,19,33,41,3
12/23/2015,13,17,28,42,46,2
12/26/2015,15,20,21,38,43,1
12/28/2015,7,10,12,20,45,7
12/30/2015,1,2,16,25,34,5
1/2/2016,10,19,37,44,46,10
1/4/2016,15,23,34,40,43,3
1/6/2016,2,5,14,22,49,4
1/9/2016,4,22,39,45,49,6
1/11/2016,14,19,29,41,43,9
1/13/2016,3,11,30,33,35,2
1/16/2016,13,17,26,27,45,6
1/18/2016,1,2,3,5,10,4
1/20/2016,9,21,31,34,42,8
1/23/2016,3,15,33,41,42,3
1/25/2016,4,10,12,38,41,3
1/27/2016,31,32,37,44,48,9
1/30/2016,1,3,11,31,49,1
2/1/2016,13,18,36,40,48,4
2/3/2016,5,24,25,28,44,3
2/6/2016,2,25,28,41,44,9
2/8/2016,1,11,28,30,39,6
2/10/2016,1,27,44,46,48,10
2/13/2016,10,27,30,38,41,4
2/15/2016,4,10,21,37,38,5
2/17/2016,2,17,29,34,40,10
2/20/2016,9,20,33,34,41,8
2/22/2016,2,5,23,26,48,5
2/24/2016,1,18,20,44,49,7
2/27/2016,10,11,13,28,47,6
2/29/2016,1,3,13,24,45,1
3/2/2016,20,34,40,44,48,2
3/5/2016,5,14,23,34,49,6
3/7/2016,6,11,12,41,49,1
3/9/2016,19,20,22,40,41,2
3/12/2016,9,17,25,27,46,6
3/14/2016,14,19,27,36,39,8
3/16/2016,7,9,11,18,43,10
3/19/2016,4,13,18,36,49,5
3/21/2016,3,10,34,37,42,2
3/23/2016,5,8,14,17,19,9
3/26/2016,1,3,14,17,20,1
3/28/2016,2,4,15,26,28,2
3/30/2016,20,23,35,43,46,6
4/2/2016,18,19,22,29,34,1
4/4/2016,7,8,11,36,48,3
4/6/2016,19,21,24,28,44,5
4/9/2016,14,16,39,42,49,6
4/11/2016,4,25,26,29,34,2
4/13/2016,2,4,31,34,49,4
4/16/2016,25,33,36,39,40,9
4/18/2016,24,26,29,38,47,7
4/20/2016,12,13,15,36,41,9
4/23/2016,2,15,17,22,26,7
4/25/2016,13,18,19,22,39,6
4/27/2016,9,25,36,44,45,10
4/30/2016,2,29,30,36,49,7
5/2/2016,26,36,43,47,48,6
5/4/2016,7,8,15,24,42,9
5/7/2016,14,20,33,35,42,4
5/9/2016,4,11,14,24,29,1
5/11/2016,15,19,29,31,44,10
5/14/2016,1,27,28,30,42,5
5/16/2016,6,16,31,36,38,1
5/18/2016,1,22,38,40,49,9
5/21/2016,12,23,26,41,48,4
5/23/2016,7,22,26,41,48,2
5/25/2016,4,12,20,21,36,3
5/28/2016,1,3,13,14,19,6
5/30/2016,6,7,13,38,40,3
6/1/2016,22,26,27,35,44,10
6/4/2016,2,16,19,25,39,1
6/6/2016,23,25,32,47,48,5
6/8/2016,6,8,33,45,49,9
6/11/2016,7,17,22,44,46,6
6/13/2016,5,8,21,28,36,8
6/15/2016,2,5,8,33,34,10
6/18/2016,10,18,20,33,39,3
6/20/2016,4,13,38,43,45,10
6/22/2016,4,5,10,27,36,9
6/25/2016,16,19,20,35,49,3
6/27/2016,8,22,23,24,41,7
6/29/2016,9,14,17,22,48,10
7/2/2016,8,16,17,24,31,5
7/4/2016,10,12,22,25,47,1
7/6/2016,13,16,26,38,47,8
7/9/2016,3,6,15,39,46,10
7/11/2016,2,25,27,35,36,4
7/13/2016,7,28,30,34,47,10
7/16/2016,11,21,45,46,48,4
7/18/2016,2,20,25,29,39,7
7/20/2016,1,13,29,32,46,1
7/23/2016,2,15,21,27,33,10
7/25/2016,1,3,5,29,46,4
7/27/2016,7,8,19,34,44,6
7/30/2016,9,22,23,30,46,9
8/1/2016,24,29,36,42,45,7
8/3/2016,18,24,27,39,44,3
8/6/2016,7,12,25,31,44,10
8/8/2016,1,2,3,26,36,7
8/10/2016,7,17,19,30,49,3
8/13/2016,1,6,9,33,46,6
8/15/2016,16,25,26,27,31,7
8/17/2016,12,21,24,35,40,4
8/20/2016,10,15,28,35,43,9
8/22/2016,12,21,34,42,44,7
8/24/2016,3,4,34,41,42,2
8/27/2016,2,21,23,31,45,8
8/29/2016,25,36,44,48,49,2
8/31/2016,10,12,19,26,47,1
9/3/2016,24,36,45,47,49,5
9/5/2016,7,30,42,43,48,4
9/7/2016,13,26,34,38,42,9
9/10/2016,19,29,31,38,46,6
9/12/2016,5,6,11,13,22,10
9/14/2016,7,18,29,37,47,7
9/17/2016,3,4,12,25,34,2
9/19/2016,18,20,37,41,45,10
9/21/2016,13,15,20,30,40,10
9/24/2016,31,32,33,41,43,10
9/26/2016,4,19,23,26,27,7
9/28/2016,29,42,44,45,46,3
10/1/2016,8,13,16,23,42,1
10/3/2016,7,8,22,43,46,10
10/5/2016,2,15,18,28,43,3
10/8/2016,5,26,28,35,46,9
10/10/2016,3,9,18,19,48,2
10/12/2016,2,19,23,34,47,2
10/15/2016,30,32,39,41,47,7
10/17/2016,8,22,31,39,48,4
10/19/2016,26,28,29,32,38,1
10/22/2016,3,29,35,41,43,8
10/24/2016,17,18,23,29,36,7
10/26/2016,1,20,35,40,46,10
10/29/2016,14,21,26,36,44,4
10/31/2016,11,16,29,35,41,4
11/2/2016,1,7,14,26,49,10
11/5/2016,6,16,21,34,42,5
11/7/2016,1,6,21,31,46,6
11/9/2016,3,8,14,22,47,5
11/12/2016,2,11,16,19,29,8
11/14/2016,6,14,16,26,41,2
11/16/2016,1,24,26,37,48,7
11/19/2016,34,36,41,46,48,7
11/21/2016,3,7,12,18,45,8
11/23/2016,2,7,12,25,47,7
11/26/2016,6,9,11,21,44,7
11/28/2016,10,20,38,41,45,6
11/30/2016,3,9,31,33,40,5
12/3/2016,4,11,13,38,44,7
12/5/2016,6,23,26,29,30,4
12/7/2016,2,5,7,44,45,3
12/10/2016,24,27,28,41,43,9
12/12/2016,6,11,12,14,36,6
12/14/2016,9,10,14,44,46,7
12/17/2016,2,5,13,16,32,5
12/19/2016,3,17,26,40,41,7
12/21/2016,17,22,25,39,42,6
12/24/2016,7,20,22,35,48,1
12/26/2016,3,16,27,29,37,6
12/28/2016,15,16,34,35,39,4
12/31/2016,4,33,43,45,49,8
1/2/2017,11,19,31,38,40,5
1/4/2017,16,17,26,36,38,7
1/7/2017,21,22,24,33,46,8
1/9/2017,2,6,16,21,42,7
1/11/2017,13,19,22,28,30,3
1/14/2017,16,18,19,37,44,1
1/16/2017,14,26,32,35,37,5
1/18/2017,5,29,34,47,48,4
1/21/2017,8,31,32,36,40,6
1/23/2017,5,15,17,31,49,9
1/25/2017,4,10,19,20,28,2
1/28/2017,2,5,6,10,26,5
1/30/2017,4,22,23,32,40,4
2/1/2017,9,17,24,45,46,7
2/4/2017,1,22,32,35,37,7
2/6/2017,19,30,31,33,40,2
2/8/2017,17,19,33,37,40,6
2/11/2017,1,15,17,29,37,3
2/13/2017,5,16,18,39,44,3
2/15/2017,8,14,16,21,24,10
2/18/2017,1,3,23,32,49,4
2/20/2017,15,20,29,41,43,10
2/22/2017,17,22,25,35,43,10
2/25/2017,11,32,40,43,48,2
2/27/2017,3,16,17,37,47,5
3/1/2017,16,20,31,33,46,5
3/4/2017,4,14,28,32,37,4
3/6/2017,3,6,10,26,41,9
3/8/2017,16,40,42,46,47,2
3/11/2017,1,13,31,39,42,7
3/13/2017,16,21,24,34,48,3
3/15/2017,5,25,31,36,46,8
3/18/2017,1,6,18,30,33,2
3/20/2017,13,28,39,40,42,1
3/22/2017,2,11,25,28,43,5
3/25/2017,2,5,8,43,49,1
3/27/2017,2,9,18,38,49,8
3/29/2017,10,14,25,26,35,5
4/1/2017,2,9,25,44,46,9
4/3/2017,3,9,16,34,44,3
4/5/2017,6,10,20,40,42,10
4/8/2017,17,18,29,44,45,5
4/10/2017,1,3,11,14,20,2
4/12/2017,3,18,28,40,48,7
4/15/2017,28,29,40,41,49,5
4/17/2017,4,8,33,36,46,7
4/19/2017,38,39,41,47,48,9
4/22/2017,1,17,21,31,46,5
4/24/2017,7,28,41,42,45,9
4/26/2017,6,8,14,16,27,5
4/29/2017,34,37,44,46,48,9
5/1/2017,16,18,35,37,46,6
5/3/2017,6,15,20,27,46,3
5/6/2017,6,27,34,41,45,5
5/8/2017,7,22,33,43,47,6
5/10/2017,12,20,22,30,43,9
5/13/2017,9,13,16,28,47,10
5/15/2017,1,5,13,22,27,1
5/17/2017,6,22,25,30,44,7
5/20/2017,28,31,33,34,42,3
5/22/2017,7,21,22,27,31,10
5/24/2017,8,17,18,22,30,5
5/27/2017,8,9,17,28,40,8
5/29/2017,1,39,40,41,43,9
5/31/2017,1,9,27,36,41,1
6/3/2017,23,34,36,44,45,3
6/5/2017,12,17,21,41,49,7
6/7/2017,21,22,36,40,43,5
6/10/2017,8,34,36,37,49,10
6/12/2017,4,5,7,27,29,5
6/14/2017,31,41,43,44,49,5
6/17/2017,14,25,26,39,40,3
6/19/2017,18,25,40,43,47,9
6/21/2017,12,18,22,34,39,6
6/24/2017,23,24,27,35,48,5
6/26/2017,1,5,29,38,49,9
6/28/2017,9,29,30,37,48,1
7/1/2017,16,21,26,33,47,8
7/3/2017,2,8,10,28,48,2
7/5/2017,8,17,18,29,34,6
7/8/2017,9,30,31,43,46,10
7/10/2017,17,18,21,23,43,4
7/12/2017,3,16,18,31,43,5
7/15/2017,24,29,34,37,48,2
7/17/2017,5,16,33,40,41,2
7/19/2017,6,8,9,16,26,7
7/22/2017,5,16,28,30,40,9
7/24/2017,11,14,21,35,38,3
7/26/2017,3,13,25,35,44,2
7/29/2017,10,23,24,41,45,1
7/31/2017,25,31,37,45,47,7
8/2/2017,9,12,30,32,34,7
8/5/2017,3,13,25,30,37,2
8/7/2017,14,21,24,38,42,4
8/9/2017,31,32,36,38,49,1
8/12/2017,5,13,15,36,41,10
8/14/2017,2,9,13,15,39,4
8/16/2017,19,25,29,31,41,4
8/19/2017,7,8,21,39,40,7
8/21/2017,8,14,27,36,43,5
8/23/2017,1,4,16,23,32,7
8/26/2017,10,32,35,38,40,3
8/28/2017,6,8,20,24,42,6
8/30/2017,7,12,26,29,47,9
9/2/2017,1,10,14,18,40,7
9/4/2017,1,6,27,33,35,9
9/6/2017,19,28,39,46,49,4
9/9/2017,13,15,19,39,44,1
9/11/2017,12,23,42,45,48,9
9/13/2017,4,18,25,33,45,1
9/16/2017,4,16,18,37,46,5
9/18/2017,12,25,29,34,37,9
9/20/2017,4,6,17,22,37,6
9/23/2017,15,19,22,33,37,4
9/25/2017,16,17,33,34,37,6
9/27/2017,10,13,16,35,42,4
9/30/2017,3,16,27,38,44,7
10/2/2017,1,11,12,20,28,7
10/4/2017,1,20,30,34,45,9
10/7/2017,8,37,41,44,46,3
10/9/2017,3,6,15,30,47,9
10/11/2017,6,15,29,44,48,4
10/14/2017,18,20,38,43,47,3
10/16/2017,5,30,32,39,48,8
10/18/2017,5,12,13,24,25,7
10/21/2017,2,6,20,21,42,8
10/23/2017,12,21,25,44,47,3
10/25/2017,3,9,19,41,43,8
10/28/2017,5,12,22,29,47,8
10/30/2017,12,32,34,42,44,5
11/1/2017,8,9,18,26,32,1
11/4/2017,6,7,23,35,38,7
11/6/2017,27,30,45,48,49,1
11/8/2017,2,13,26,37,41,5
11/11/2017,1,36,40,47,48,3
11/13/2017,3,24,29,30,43,5
11/15/2017,10,12,14,16,35,6
11/18/2017,9,13,17,37,48,1
11/20/2017,6,30,35,40,43,3
11/22/2017,1,2,10,30,39,8
11/25/2017,1,2,43,47,48,10
11/27/2017,5,6,36,39,46,6
11/29/2017,3,8,12,13,20,4
12/2/2017,24,33,35,39,45,1
12/4/2017,15,23,32,41,43,8
12/6/2017,7,12,27,30,38,1
12/9/2017,10,23,46,48,49,8
12/11/2017,26,29,34,43,47,4
12/13/2017,17,24,28,43,49,8
12/16/2017,9,15,20,48,49,6
12/18/2017,10,11,29,39,48,9
12/20/2017,6,10,11,13,24,9
12/23/2017,4,6,8,44,48,10
12/25/2017,3,6,10,29,31,8
12/27/2017,6,7,14,22,48,8
12/30/2017,12,13,28,35,40,8
1/1/2018,7,9,10,14,43,1
1/3/2018,4,23,27,34,44,4
1/6/2018,6,17,31,40,45,9
1/8/2018,8,37,43,44,45,2
1/10/2018,7,9,16,18,49,3
1/13/2018,20,31,35,36,48,10
1/15/2018,2,5,15,22,28,2
1/17/2018,4,16,25,40,49,3
1/20/2018,27,32,38,44,46,7
1/22/2018,1,11,14,16,31,2
1/24/2018,9,23,28,35,37,5
1/27/2018,9,10,34,39,45,10
1/29/2018,11,21,27,32,36,6
1/31/2018,4,16,26,29,49,1
2/3/2018,9,13,22,23,38,4
2/5/2018,1,7,29,30,45,7
2/7/2018,13,17,33,44,48,3
2/10/2018,2,19,31,40,42,5
2/12/2018,3,27,32,35,48,9
2/14/2018,3,5,13,19,44,4
2/17/2018,14,22,38,48,49,9
2/19/2018,8,9,28,29,32,2
2/21/2018,2,12,16,28,41,1
2/24/2018,6,9,12,31,43,3
2/26/2018,13,34,37,39,42,3
2/28/2018,5,28,31,42,49,7
3/3/2018,2,3,4,8,31,9
3/5/2018,17,25,38,41,44,9
3/7/2018,6,13,18,36,37,5
3/10/2018,5,18,21,23,47,6
3/12/2018,7,10,13,27,38,8
3/14/2018,3,4,13,36,46,10
3/17/2018,13,30,36,43,48,9
3/19/2018,15,20,24,27,46,10
3/21/2018,21,29,30,31,45,2
3/24/2018,11,26,31,35,44,9
3/26/2018,4,10,17,27,37,10
3/28/2018,5,15,39,43,45,10
3/31/2018,2,18,31,41,42,8
4/2/2018,13,14,18,28,34,2
4/4/2018,19,22,36,40,45,6
4/7/2018,7,10,26,34,45,7
4/9/2018,1,20,28,32,42,6
4/11/2018,1,17,32,40,46,8
4/14/2018,1,5,24,36,49,7
4/16/2018,6,16,21,25,26,5
4/18/2018,11,17,18,38,46,8
4/21/2018,2,11,20,26,39,5
4/23/2018,2,20,29,32,33,8
4/25/2018,5,10,21,23,36,1
4/28/2018,14,31,36,40,47,2
4/30/2018,7,36,43,48,49,7
5/2/2018,1,8,10,14,21,10
5/5/2018,9,15,30,41,47,5
5/7/2018,10,13,23,43,46,6
5/9/2018,5,10,23,34,35,6
5/12/2018,5,6,9,23,47,10
5/14/2018,1,5,23,33,40,8
5/16/2018,7,23,37,41,44,8
5/19/2018,5,12,30,45,47,9
5/21/2018,4,5,16,20,46,5
5/23/2018,3,14,25,29,36,9
5/26/2018,2,3,24,26,43,8
5/28/2018,10,21,23,25,35,10
5/30/2018,4,33,36,41,44,6
6/2/2018,7,13,18,31,35,4
6/4/2018,8,16,35,38,48,2
6/6/2018,5,6,33,43,47,2
6/9/2018,5,7,9,12,16,10
6/11/2018,14,25,41,44,49,4
6/13/2018,15,20,29,48,49,1
6/16/2018,8,17,19,35,43,9
6/18/2018,2,7,13,34,44,8
6/20/2018,6,8,30,33,43,3
6/23/2018,10,32,36,41,49,10
6/25/2018,9,13,14,21,32,5
6/27/2018,8,9,11,26,41,10
6/30/2018,5,23,29,36,45,7
7/2/2018,16,36,38,45,48,8
7/4/2018,16,20,23,41,45,5
7/7/2018,3,10,11,34,41,10
7/9/2018,9,19,21,36,40,1
7/11/2018,1,11,22,42,46,4
7/14/2018,3,20,37,45,47,3
7/16/2018,3,9,16,31,36,1
7/18/2018,18,26,27,35,43,7
7/21/2018,1,9,18,28,44,10
7/23/2018,7,11,20,40,41,6
7/25/2018,20,22,27,30,35,3
7/28/2018,7,13,18,21,23,10
7/30/2018,7,13,33,41,43,2
8/1/2018,15,17,35,45,47,4
8/4/2018,9,23,32,38,41,3
8/6/2018,4,23,30,32,37,6
8/8/2018,5,15,19,24,29,8
8/11/2018,14,27,41,44,46,5
8/13/2018,2,10,19,21,40,6
8/15/2018,6,21,27,40,47,8
8/18/2018,16,31,33,37,49,8
8/20/2018,15,18,40,42,48,10
8/22/2018,6,12,16,40,42,3
8/25/2018,6,15,16,29,44,3
8/27/2018,10,17,18,24,40,2
8/29/2018,17,19,31,40,45,1
9/1/2018,11,32,35,41,42,6
9/3/2018,1,2,15,18,41,10
9/5/2018,6,7,15,34,39,1
9/8/2018,6,19,20,22,34,10
9/10/2018,19,20,27,38,46,10
9/12/2018,4,11,24,33,35,9
9/15/2018,1,11,13,26,46,5
9/17/2018,8,15,26,42,43,5
9/19/2018,4,15,25,27,42,5
9/22/2018,14,18,37,38,39,9
9/24/2018,6,8,12,17,30,3
9/26/2018,10,15,18,36,40,3
9/29/2018,7,10,15,17,31,4
10/1/2018,1,2,6,7,40,4
10/3/2018,11,20,24,31,32,8
10/6/2018,1,8,39,48,49,9
10/8/2018,1,4,23,24,46,2
10/10/2018,4,5,24,29,38,3
10/13/2018,1,4,22,36,45,8
10/15/2018,8,14,19,25,49,5
10/17/2018,2,7,13,33,41,1
10/20/2018,7,12,17,31,48,8
10/22/2018,4,10,19,29,47,6
10/24/2018,9,28,34,36,45,6
10/27/2018,21,26,29,35,36,9
10/29/2018,9,22,24,42,43,7
10/31/2018,2,14,28,34,38,4
11/3/2018,6,8,9,29,39,2
11/5/2018,9,11,29,32,39,8
11/7/2018,3,6,20,27,33,8
11/10/2018,18,20,30,43,44,7
11/12/2018,13,14,15,21,37,7
11/14/2018,15,36,41,48,49,5
11/17/2018,12,20,22,27,42,7
11/19/2018,20,21,28,33,46,7
11/21/2018,20,21,22,23,45,10
11/24/2018,5,10,11,15,22,5
11/26/2018,14,21,30,34,36,2
11/28/2018,3,10,15,30,38,6
12/1/2018,3,6,15,23,39,2
12/3/2018,1,9,15,19,39,5
12/5/2018,6,17,18,19,41,9
12/8/2018,11,14,25,29,38,8
12/10/2018,8,13,16,34,37,10
12/12/2018,12,21,39,44,45,5
12/15/2018,1,3,30,32,38,6
12/17/2018,2,9,25,30,35,9
12/19/2018,3,10,11,21,25,3
12/22/2018,11,22,31,44,46,5
12/24/2018,10,22,34,43,46,2
12/26/2018,5,9,11,24,45,10
12/29/2018,12,26,30,38,42,5
12/31/2018,14,24,27,34,43,10
1/2/2019,2,12,26,29,36,7
1/5/2019,6,7,18,40,48,7
1/7/2019,1,7,12,19,31,10
1/9/2019,6,15,19,21,46,10
1/12/2019,11,19,24,25,34,8
1/14/2019,1,11,33,35,44,10
1/16/2019,1,10,11,15,31,3
1/19/2019,10,16,34,37,39,7
1/21/2019,17,20,26,30,47,6
1/23/2019,17,24,25,38,41,10
1/26/2019,12,14,16,30,42,2
1/28/2019,6,15,30,37,47,6
1/30/2019,11,15,20,30,47,9
2/2/2019,5,7,27,32,35,3
2/4/2019,12,24,37,40,42,1
2/6/2019,4,15,21,22,26,10
2/9/2019,3,40,42,45,47,9
2/11/2019,13,15,25,43,48,5
2/13/2019,7,14,29,41,43,3
2/16/2019,7,8,11,25,46,7
2/18/2019,7,9,11,18,33,9
2/20/2019,8,15,25,29,34,1
2/23/2019,3,4,13,44,45,5
2/25/2019,7,37,38,44,48,7
2/27/2019,1,4,14,19,34,2
3/2/2019,16,25,38,42,46,9
3/4/2019,4,11,15,33,36,2
3/6/2019,14,15,23,44,46,5
3/9/2019,15,32,35,43,47,10
3/11/2019,5,6,16,24,25,1
3/13/2019,5,8,20,29,32,3
3/16/2019,1,19,22,31,33,1
3/18/2019,23,24,38,44,45,6
3/20/2019,2,3,13,21,40,8
3/23/2019,1,12,26,28,40,6
3/25/2019,22,23,24,46,47,2
3/27/2019,10,19,25,45,49,1
3/30/2019,2,3,15,41,44,3
4/1/2019,11,14,32,35,46,10
4/3/2019,10,16,18,38,45,3
4/6/2019,13,19,24,26,27,7
4/8/2019,9,13,15,24,26,9
4/10/2019,14,16,22,23,42,5
4/13/2019,1,9,17,24,46,8
4/15/2019,17,32,38,40,44,6
4/17/2019,8,17,29,34,48,3
4/20/2019,4,15,30,45,49,3
4/22/2019,5,7,21,29,39,7
4/24/2019,3,11,13,15,35,3
4/27/2019,17,25,26,27,33,2
4/29/2019,6,29,33,39,43,2
5/1/2019,16,25,26,34,48,8
5/4/2019,3,18,24,29,38,9
5/6/2019,5,23,24,35,38,3
5/8/2019,2,4,16,20,35,5
5/11/2019,19,24,34,44,45,2
5/13/2019,15,24,37,40,41,4
5/15/2019,27,38,42,44,46,1
5/18/2019,4,10,19,42,46,5
5/20/2019,14,29,32,41,43,1
5/22/2019,1,27,37,48,49,1
5/25/2019,2,13,42,43,47,10
5/27/2019,13,18,28,33,42,9
5/29/2019,6,13,14,36,48,2
6/1/2019,13,20,26,35,45,3
6/3/2019,9,12,33,41,42,1
6/5/2019,17,26,28,38,47,7
6/8/2019,9,10,14,41,45,1
6/10/2019,9,18,24,39,49,8
6/12/2019,3,25,31,38,45,9
6/15/2019,2,13,20,30,37,6
6/17/2019,12,13,20,31,49,2
6/19/2019,4,18,36,45,46,5
6/22/2019,10,13,20,25,27,2
6/24/2019,1,16,32,33,45,6
6/26/2019,4,7,30,43,47,10
6/29/2019,1,3,4,42,46,3
7/1/2019,3,17,23,38,41,3
7/3/2019,8,31,38,39,45,8
7/6/2019,2,6,12,13,27,10
7/8/2019,11,20,26,33,38,10
7/10/2019,7,21,29,35,47,6
7/13/2019,18,27,37,48,49,10
7/15/2019,1,3,10,13,19,4
7/17/2019,4,26,27,28,47,8
7/20/2019,17,18,21,29,35,6
7/22/2019,7,11,28,37,44,3
7/24/2019,10,25,32,39,40,10
7/27/2019,25,28,31,39,47,8
7/29/2019,3,6,21,29,47,3
7/31/2019,8,18,30,32,36,5
8/3/2019,4,5,7,10,23,4
8/5/2019,5,22,26,33,45,9
8/7/2019,5,26,28,29,36,4
8/10/2019,4,9,12,18,37,3
8/12/2019,9,20,30,31,34,10
8/14/2019,17,27,34,45,48,2
8/17/2019,1,8,21,28,37,2
8/19/2019,2,7,14,28,31,3
8/21/2019,1,3,17,25,38,8
8/24/2019,15,17,23,31,38,4
8/26/2019,4,21,27,46,47,6
8/28/2019,7,14,25,42,47,5
8/31/2019,19,21,25,38,47,4
9/2/2019,2,6,21,33,44,4
9/4/2019,2,4,7,25,35,3
9/7/2019,2,12,16,27,30,2
9/9/2019,2,5,28,42,44,8
9/11/2019,6,14,19,27,35,10
9/14/2019,18,19,23,26,28,9
9/16/2019,13,31,32,35,42,5
9/18/2019,3,5,6,16,36,10
9/21/2019,8,15,41,42,44,10
9/23/2019,20,29,34,36,42,4
9/25/2019,1,7,15,22,26,3
9/28/2019,12,15,18,19,40,5
9/30/2019,2,23,33,43,47,2
10/2/2019,32,33,35,37,49,3
10/5/2019,2,16,30,31,38,5
10/7/2019,2,4,11,19,35,5
10/9/2019,14,17,36,39,44,5
10/12/2019,10,12,16,27,37,9
10/14/2019,6,16,18,24,48,9
10/16/2019,5,18,19,30,35,2
10/19/2019,23,24,31,32,36,8
10/21/2019,3,13,40,42,48,4
10/23/2019,31,33,40,44,49,1
10/26/2019,11,13,20,30,44,9
10/28/2019,17,18,35,36,46,4
10/30/2019,2,13,22,46,48,1
11/2/2019,1,13,16,18,41,3
11/4/2019,1,9,16,39,42,7
11/6/2019,23,27,42,43,44,10
11/9/2019,6,18,24,26,29,3
11/11/2019,13,14,25,27,28,5
11/13/2019,10,13,19,22,35,1
11/16/2019,10,12,29,30,49,9
11/18/2019,6,12,15,31,44,7
11/20/2019,7,22,23,30,37,3
11/23/2019,4,9,22,27,28,4
11/25/2019,33,35,38,41,44,8
11/27/2019,2,15,18,29,44,4
11/30/2019,7,16,17,25,48,3
12/2/2019,11,14,28,39,42,9
12/4/2019,8,26,30,35,40,2
12/7/2019,10,29,38,40,44,8
12/9/2019,1,15,24,25,34,8
12/11/2019,1,25,33,40,48,8
12/14/2019,3,4,17,38,48,9
12/16/2019,10,26,35,38,39,6
12/18/2019,5,6,7,17,23,9
12/21/2019,19,22,23,27,48,2
12/23/2019,7,20,32,36,37,2
12/25/2019,15,24,36,40,45,9
12/28/2019,8,18,24,48,49,8
12/30/2019,12,32,34,38,48,6
1/1/2020,4,7,11,24,32,10
1/4/2020,9,22,31,34,43,5
1/6/2020,10,19,26,30,49,3
1/8/2020,16,17,29,37,44,8
1/11/2020,2,13,14,23,48,3
1/13/2020,11,14,16,25,32,9
1/15/2020,8,19,22,35,46,2
1/18/2020,1,2,12,13,33,9
1/20/2020,13,26,30,31,38,1
1/22/2020,12,25,26,28,42,10
1/25/2020,7,11,17,30,36,5
1/27/2020,7,10,12,27,41,1
1/29/2020,6,14,30,31,45,8
2/1/2020,16,21,22,25,36,9
2/3/2020,7,20,31,33,49,4
2/5/2020,6,11,21,29,30,4
2/8/2020,7,12,31,45,47,10
2/10/2020,15,25,37,38,49,8
2/12/2020,17,30,38,43,47,5
2/15/2020,4,5,25,45,48,7
2/17/2020,7,19,39,41,44,1
2/19/2020,16,21,40,41,46,2
2/22/2020,4,5,24,26,39,4
2/24/2020,9,15,20,27,47,7
2/26/2020,6,20,30,32,45,4
2/29/2020,5,10,19,24,37,6
3/2/2020,21,26,39,40,42,5
3/4/2020,10,17,30,33,49,4
3/7/2020,4,5,24,35,37,2
3/9/2020,5,26,33,41,42,7
3/11/2020,5,14,38,45,46,1
3/14/2020,28,31,38,41,43,10
3/16/2020,4,16,23,40,44,3
3/18/2020,10,28,29,46,48,9
3/21/2020,7,8,16,37,42,8
3/23/2020,5,21,28,48,49,2
3/25/2020,24,32,34,40,45,1
3/28/2020,22,23,26,32,35,5
3/30/2020,12,17,21,23,37,7
4/1/2020,3,28,41,42,48,6
4/4/2020,2,35,39,40,42,9
4/6/2020,7,18,23,29,35,4
4/8/2020,6,9,16,19,26,9
4/11/2020,1,8,41,43,48,7
4/13/2020,1,17,19,23,42,9
4/15/2020,1,3,16,31,48,6
4/18/2020,1,27,33,45,47,8
4/20/2020,5,7,9,37,41,6
4/22/2020,28,30,40,41,43,7
4/25/2020,6,10,13,24,49,3
4/27/2020,11,14,19,29,41,9
4/29/2020,5,7,25,29,47,1
5/2/2020,9,12,22,30,43,4
5/4/2020,8,9,15,33,39,10
5/6/2020,10,14,15,36,48,3
5/9/2020,29,35,39,47,48,7
5/11/2020,3,5,17,33,34,10
5/13/2020,4,17,38,43,49,8
5/16/2020,19,26,27,41,46,4
5/18/2020,10,14,20,30,35,9
5/20/2020,14,20,39,45,47,8
5/23/2020,3,22,23,28,29,2
5/25/2020,9,26,30,36,42,4
5/27/2020,6,12,29,31,44,6
5/30/2020,5,14,16,42,44,9
6/1/2020,2,24,26,32,36,7
6/3/2020,12,13,16,26,44,6
6/6/2020,7,14,29,43,44,5
6/8/2020,2,8,22,26,46,1
6/10/2020,9,11,20,36,47,2
6/13/2020,5,6,25,28,32,4
6/15/2020,2,22,26,47,49,2
6/17/2020,10,13,20,26,46,1
6/20/2020,8,14,24,33,38,5
6/22/2020,5,9,21,36,39,5
6/24/2020,8,17,31,34,36,7
6/27/2020,1,2,6,27,39,4
6/29/2020,20,21,29,46,47,7
7/1/2020,5,13,14,44,47,8
7/4/2020,13,23,27,36,44,6
7/6/2020,2,11,30,35,42,6
7/8/2020,9,26,30,37,48,8
7/11/2020,6,28,32,35,40,7
7/13/2020,2,3,24,35,46,8
7/15/2020,4,6,12,35,44,3
7/18/2020,11,22,34,42,43,4
7/20/2020,8,22,26,28,42,2
7/22/2020,4,18,20,28,38,1
7/25/2020,6,10,15,18,48,4
7/27/2020,15,19,24,25,45,3
7/29/2020,7,19,39,46,47,5
8/1/2020,9,17,18,25,38,9
8/3/2020,23,30,42,43,48,7
8/5/2020,15,17,22,32,46,8
8/8/2020,4,6,35,42,49,9
8/10/2020,1,2,11,28,38,6
8/12/2020,3,17,30,44,47,3
8/15/2020,3,5,15,41,42,7
8/17/2020,1,6,39,40,48,6
8/19/2020,4,11,13,34,35,1
8/22/2020,5,7,11,32,33,5
8/24/2020,18,19,22,28,37,2
8/26/2020,4,13,31,40,45,3
8/29/2020,15,21,23,38,39,4
8/31/2020,4,7,11,16,17,10
9/2/2020,3,14,21,23,47,3
9/5/2020,15,19,22,24,46,3
9/7/2020,14,31,35,37,44,7
9/9/2020,20,24,29,45,48,3
9/12/2020,12,16,21,24,46,2
9/14/2020,5,13,23,32,49,2
9/16/2020,17,19,23,28,49,7
9/19/2020,27,32,33,42,46,7
9/21/2020,16,19,38,41,46,9
9/23/2020,5,11,23,25,33,5
9/26/2020,4,8,31,39,49,9
9/28/2020,6,22,33,35,44,2
9/30/2020,2,24,26,32,49,5
10/3/2020,9,18,31,33,36,2
10/5/2020,5,6,9,19,22,5
10/7/2020,6,17,19,30,49,2
10/10/2020,26,31,42,47,48,8
10/12/2020,7,11,18,21,42,3
10/14/2020,19,26,32,39,42,6
10/17/2020,9,20,23,24,28,4
10/19/2020,7,25,28,35,48,1
10/21/2020,15,21,33,35,48,1
10/24/2020,4,8,12,25,45,2
10/26/2020,7,8,12,22,33,5
10/28/2020,2,19,25,30,43,9
10/31/2020,9,13,22,28,35,5
11/2/2020,31,33,38,42,43,3
11/4/2020,9,10,14,16,29,1
11/7/2020,5,30,42,45,48,9
11/9/2020,5,18,26,38,41,10
11/11/2020,10,15,16,17,37,9
11/14/2020,17,24,26,40,43,9
11/16/2020,7,16,33,42,47,7
11/18/2020,11,14,28,41,43,8
11/21/2020,5,17,44,46,49,4
11/23/2020,1,6,12,15,20,1
11/25/2020,1,10,14,26,31,4
11/28/2020,2,9,25,35,47,10
11/30/2020,9,18,26,28,29,3
12/2/2020,14,23,27,40,46,1
12/5/2020,9,14,20,34,35,1
12/7/2020,4,27,38,45,48,4
12/9/2020,17,24,39,47,48,7
12/12/2020,9,14,23,31,45,6
12/14/2020,2,13,34,47,48,6
12/16/2020,6,16,17,21,41,9
12/19/2020,10,23,29,30,49,5
12/21/2020,10,31,36,37,44,5
12/23/2020,3,5,31,38,39,9
12/26/2020,2,3,31,35,40,7
12/28/2020,1,22,34,41,42,5
12/30/2020,13,20,31,36,38,1
1/2/2021,5,7,24,27,41,10
1/4/2021,19,30,31,39,49,8
1/6/2021,11,21,32,41,47,9
1/9/2021,7,11,12,27,49,1
1/11/2021,1,8,17,33,46,5
1/13/2021,17,30,32,41,42,5
1/16/2021,14,20,22,36,44,2
1/18/2021,5,10,25,43,48,10
1/20/2021,11,21,22,32,40,9
1/23/2021,1,13,19,24,48,5
1/25/2021,3,7,13,31,49,5
1/27/2021,6,23,25,27,44,6
1/30/2021,5,9,17,33,37,4
2/1/2021,1,17,18,21,45,9
2/3/2021,17,21,26,31,37,10
2/6/2021,9,15,42,44,47,10
2/8/2021,5,9,10,19,29,8
2/10/2021,13,15,29,33,44,4
2/13/2021,9,13,17,28,31,10
2/15/2021,6,12,13,17,22,7
2/17/2021,29,31,34,35,41,8
2/20/2021,19,21,36,39,49,5
2/22/2021,3,15,24,26,37,7
2/24/2021,10,18,19,41,47,2
2/27/2021,4,11,29,42,43,10
3/1/2021,4,8,14,21,47,9
3/3/2021,8,19,38,41,49,7
3/6/2021,3,11,13,22,30,8
3/8/2021,8,19,24,38,40,10
3/10/2021,20,26,33,34,42,9
3/13/2021,4,10,19,22,47,8
3/15/2021,15,29,33,38,41,2
3/17/2021,3,18,30,45,46,3
3/20/2021,4,14,18,27,42,3
3/22/2021,6,15,24,34,39,4
3/24/2021,9,22,28,37,38,10
3/27/2021,8,10,11,16,18,5
3/29/2021,13,18,28,38,41,1
3/31/2021,2,22,24,27,35,5
4/3/2021,1,2,17,38,45,2
4/5/2021,2,12,15,22,32,8
4/7/2021,9,16,19,35,43,4
4/10/2021,4,8,9,15,35,8
4/12/2021,7,11,14,26,43,7
4/14/2021,20,23,25,27,47,6
4/17/2021,17,30,34,37,38,1
4/19/2021,17,27,36,44,49,1
4/21/2021,6,31,39,45,49,4
4/24/2021,12,26,36,41,42,7
4/26/2021,2,8,32,34,41,6
4/28/2021,4,10,12,15,49,6
5/1/2021,5,25,27,34,38,7
5/3/2021,8,11,37,44,48,6
5/5/2021,8,36,41,46,48,6
5/8/2021,6,24,35,40,41,6
5/10/2021,12,13,17,27,44,10
5/12/2021,9,11,19,22,36,1
5/15/2021,7,24,29,31,47,3
5/17/2021,3,17,23,42,47,4
5/19/2021,3,17,23,28,41,3
5/22/2021,2,7,9,19,45,10
5/24/2021,7,11,29,44,47,9
5/26/2021,1,5,20,22,42,6
5/29/2021,4,9,32,36,44,3
5/31/2021,3,13,25,32,47,9
6/2/2021,3,25,26,33,34,6
6/5/2021,6,16,25,37,45,9
6/7/2021,6,7,11,28,34,8
6/9/2021,2,16,24,33,41,8
6/12/2021,2,5,9,10,29,1
6/14/2021,12,19,21,40,47,7
6/16/2021,3,22,23,35,46,9
6/19/2021,3,14,27,44,46,6
6/21/2021,18,21,25,44,47,10
6/23/2021,1,3,6,16,40,1
6/26/2021,13,24,37,38,45,6
6/28/2021,4,8,15,28,48,1
6/30/2021,6,8,31,44,48,9
7/3/2021,2,13,19,33,48,2
7/5/2021,3,32,36,43,45,2
7/7/2021,8,18,37,44,46,2
7/10/2021,3,38,42,43,46,1
7/12/2021,8,30,31,37,38,1
7/14/2021,18,29,31,36,38,10
7/17/2021,8,11,17,31,47,6
7/19/2021,2,3,4,15,28,5
7/21/2021,6,25,27,32,37,9
7/24/2021,5,22,24,31,40,9
7/26/2021,5,21,34,37,42,10
7/28/2021,1,3,8,28,29,6
7/31/2021,6,7,17,22,46,3
8/2/2021,7,24,42,44,46,2
8/4/2021,20,21,22,36,44,10
8/7/2021,6,7,24,36,47,10
8/9/2021,28,37,38,43,45,3
8/11/2021,5,6,13,21,43,4
8/14/2021,4,28,35,42,49,7
8/16/2021,10,13,22,27,49,4
8/18/2021,4,7,12,24,25,2
8/21/2021,2,8,19,29,46,2
8/23/2021,11,13,21,22,31,6
8/25/2021,3,9,19,26,29,8
8/28/2021,8,11,43,46,48,9
8/30/2021,3,18,32,34,44,9
9/1/2021,17,24,27,32,49,7
9/4/2021,30,35,41,45,49,3
9/6/2021,3,13,31,36,40,9
9/8/2021,7,12,15,27,34,4
9/11/2021,3,5,15,33,49,8
9/13/2021,4,21,24,30,40,4
9/15/2021,4,22,27,30,48,7
9/18/2021,2,9,21,38,39,2
9/20/2021,10,12,15,31,45,5
9/22/2021,5,9,13,14,40,1
9/25/2021,16,18,20,35,49,1
9/27/2021,12,26,31,37,40,3
9/29/2021,6,13,28,33,39,10
10/2/2021,6,8,20,35,46,9
10/4/2021,5,7,15,19,44,1
10/6/2021,8,20,34,41,44,2
10/9/2021,15,19,22,29,34,3
10/11/2021,1,7,9,26,28,3
10/13/2021,19,20,21,43,49,10
10/16/2021,5,15,23,37,46,10
10/18/2021,9,27,35,36,41,6
10/20/2021,16,22,26,35,42,4
10/23/2021,6,10,35,36,48,9
10/25/2021,3,31,37,43,48,10
10/27/2021,15,16,27,41,44,9
10/30/2021,11,12,30,43,46,9
11/1/2021,1,26,27,43,47,6
11/3/2021,7,31,38,39,42,10
11/6/2021,2,4,18,19,22,3
11/8/2021,7,11,32,44,48,3
11/10/2021,9,12,31,40,41,2
11/13/2021,12,13,26,31,39,6
11/15/2021,7,8,34,41,42,8
11/17/2021,4,36,37,40,43,6
11/20/2021,9,17,18,42,44,8
11/22/2021,8,12,16,19,41,5
11/24/2021,14,24,34,39,47,8
11/27/2021,12,25,27,28,46,4
11/29/2021,26,30,31,35,44,4
12/1/2021,3,18,26,46,49,6
12/4/2021,5,18,23,34,44,5
12/6/2021,7,15,16,29,36,6
12/8/2021,1,16,26,28,30,4
12/11/2021,16,26,34,42,45,9
12/13/2021,18,19,23,36,38,1
12/15/2021,11,34,37,38,47,8
12/18/2021,2,10,31,38,46,8
12/20/2021,12,22,23,25,47,1
12/22/2021,11,20,24,41,46,1
12/25/2021,6,21,25,37,48,10
12/27/2021,6,12,14,20,32,8
12/29/2021,18,21,33,48,49,7
1/1/2022,6,14,30,36,39,5
1/3/2022,22,33,34,36,38,5
1/5/2022,6,17,30,32,45,4
1/8/2022,17,22,25,42,43,10
1/10/2022,14,34,35,41,43,9
1/12/2022,1,20,23,26,44,4
1/15/2022,10,13,19,30,47,8
1/17/2022,4,5,15,22,27,9
1/19/2022,8,27,41,43,44,6
1/22/2022,3,17,26,30,39,8
1/24/2022,4,7,15,38,40,2
1/26/2022,14,16,33,38,45,10
1/29/2022,8,25,29,42,46,9
1/31/2022,10,25,31,32,36,8
2/2/2022,11,28,37,40,49,4
2/5/2022,11,24,31,38,48,9
2/7/2022,15,18,31,37,46,3
2/9/2022,21,31,44,46,48,1
2/12/2022,22,28,37,40,45,10
2/14/2022,13,15,20,26,29,5
2/16/2022,21,22,24,32,41,2
2/19/2022,24,32,39,40,49,1
2/21/2022,2,6,10,17,32,5
2/23/2022,6,12,14,15,33,8
2/26/2022,22,28,29,30,39,3
2/28/2022,9,21,27,36,43,2
3/2/2022,3,4,22,43,46,6
3/5/2022,1,14,26,36,37,3
3/7/2022,8,15,27,29,41,4
3/9/2022,8,21,25,32,41,4
3/12/2022,5,16,21,33,47,5
3/14/2022,5,9,11,32,49,6
3/16/2022,1,12,24,39,49,3
3/19/2022,33,38,41,44,49,7
3/21/2022,5,10,26,35,46,9
3/23/2022,2,18,20,29,39,10
3/26/2022,10,12,34,37,40,5
3/28/2022,5,16,21,26,48,10
3/30/2022,10,12,16,26,34,7
4/2/2022,6,11,15,24,28,10
4/4/2022,10,22,23,33,36,6
4/6/2022,6,12,20,38,48,7
4/9/2022,3,13,15,29,40,10
4/11/2022,3,17,18,22,32,10
4/13/2022,29,35,36,44,46,8
4/16/2022,4,21,27,30,41,6
4/18/2022,9,10,33,39,47,5
4/20/2022,4,13,33,45,46,7
4/23/2022,9,11,20,42,44,4
4/25/2022,8,23,31,36,42,7
4/27/2022,1,8,13,31,43,10
4/30/2022,5,6,21,27,47,9
5/2/2022,8,13,20,46,47,7
5/4/2022,12,17,30,37,41,2
5/7/2022,7,15,23,37,38,3
5/9/2022,6,7,9,15,33,2
5/11/2022,2,7,23,45,46,10
5/14/2022,4,24,29,32,44,4
5/16/2022,4,14,21,32,33,1
5/18/2022,14,22,23,36,45,7
5/21/2022,1,7,12,21,41,4
5/23/2022,26,30,41,47,48,6
5/25/2022,24,27,30,37,45,10
5/28/2022,7,20,21,26,27,7
5/30/2022,12,13,14,22,38,2
6/1/2022,2,4,22,33,35,7
6/4/2022,6,9,17,23,42,5
6/6/2022,5,18,20,22,23,5
6/8/2022,26,27,33,38,39,5
6/11/2022,4,7,10,11,28,8
6/13/2022,31,43,44,45,46,10
6/15/2022,11,13,21,37,44,6
6/18/2022,1,12,28,31,32,9
6/20/2022,14,23,27,47,48,3
6/22/2022,10,17,23,27,40,2
6/25/2022,2,31,40,47,49,9
6/27/2022,24,31,34,36,37,1
6/29/2022,16,24,26,43,47,9
7/2/2022,20,22,32,34,46,9
7/4/2022,4,12,18,20,26,8
7/6/2022,10,16,25,43,44,4
7/9/2022,8,9,24,34,37,2
7/11/2022,1,5,10,47,49,1
7/13/2022,7,30,31,46,48,3
7/16/2022,3,4,14,33,49,3
7/18/2022,5,18,29,37,49,8
7/20/2022,17,21,29,31,47,4
7/23/2022,15,25,39,41,47,9
7/25/2022,7,13,24,26,42,2
7/27/2022,13,31,43,46,47,10
7/30/2022,2,14,21,24,38,6
8/1/2022,1,4,23,30,38,6
8/3/2022,5,10,32,40,45,5
8/6/2022,6,23,28,37,38,1
8/8/2022,3,22,37,40,41,2
8/10/2022,9,11,15,28,35,2
8/13/2022,11,17,37,38,39,2
8/15/2022,4,22,34,42,48,3
8/17/2022,5,14,16,17,29,3
8/20/2022,1,17,21,38,46,2
8/22/2022,2,9,39,44,46,9
8/24/2022,22,27,36,39,42,10
8/27/2022,11,22,32,34,39,3
8/29/2022,5,10,22,28,34,4
8/31/2022,9,10,15,39,45,7
9/3/2022,24,32,35,38,44,6
9/5/2022,1,5,27,35,40,4
9/7/2022,3,20,29,30,35,9
9/10/2022,3,8,24,25,49,5
9/12/2022,4,7,20,21,49,10
9/14/2022,10,26,38,40,45,1
9/17/2022,1,3,12,17,20,3
9/19/2022,5,7,15,33,44,1
9/21/2022,3,9,12,22,37,10
9/24/2022,4,6,7,25,32,10
9/26/2022,18,29,35,39,49,1
9/28/2022,12,14,26,29,39,10
10/1/2022,7,8,26,35,36,2
10/3/2022,7,20,23,31,40,1
10/5/2022,14,23,32,35,39,7
10/8/2022,16,17,20,34,48,7
10/10/2022,13,19,32,40,46,7
10/12/2022,7,17,39,40,44,3
10/15/2022,16,24,27,31,46,1
10/17/2022,16,20,38,40,49,2
10/19/2022,16,25,35,38,46,8
10/22/2022,2,7,12,25,35,10
10/24/2022,28,29,33,37,43,1
10/26/2022,2,4,23,30,45,5
10/29/2022,26,28,33,44,48,4
10/31/2022,4,25,34,44,45,7
11/2/2022,4,7,26,38,45,2
11/5/2022,6,23,32,38,40,10
11/7/2022,8,9,24,31,40,7
11/9/2022,1,2,15,30,41,9
11/12/2022,4,14,25,34,44,7
11/14/2022,14,23,28,34,44,5
11/16/2022,1,3,8,38,48,1
11/19/2022,1,19,24,28,40,8
11/21/2022,15,23,33,45,47,7
11/23/2022,15,19,36,45,46,4
11/26/2022,2,5,7,23,28,5
11/28/2022,2,9,13,24,46,6
11/30/2022,18,28,30,44,49,5
12/3/2022,19,26,27,32,34,9
12/5/2022,9,17,24,36,45,7
12/7/2022,2,10,12,15,38,5
12/10/2022,6,13,27,29,43,2
12/12/2022,2,25,35,46,47,10
12/14/2022,4,6,15,20,37,10
12/17/2022,8,23,27,42,46,3
12/19/2022,6,31,35,36,43,4
12/21/2022,11,12,15,21,22,7
12/24/2022,6,12,41,46,47,6
12/26/2022,6,23,32,48,49,4
12/28/2022,1,3,8,29,35,8
12/31/2022,11,16,23,35,39,8
1/2/2023,1,39,41,45,49,5
1/4/2023,3,5,25,38,49,10
1/7/2023,7,8,21,34,43,6
1/9/2023,1,20,30,38,48,3
1/11/2023,3,8,16,17,47,9
1/14/2023,13,14,22,36,40,9
1/16/2023,5,10,19,28,31,4
1/18/2023,7,11,35,39,48,8
1/21/2023,4,18,24,41,45,6
1/23/2023,6,10,28,32,35,9
1/25/2023,18,21,26,32,44,10
1/28/2023,5,15,30,44,45,5
1/30/2023,8,27,30,34,35,5
2/1/2023,9,12,35,38,48,5
2/4/2023,13,16,26,31,42,2
2/6/2023,5,6,13,21,32,3
2/8/2023,16,21,24,34,44,7
2/11/2023,9,15,43,45,47,9
2/13/2023,8,20,27,33,35,2
2/15/2023,5,20,24,28,44,6
2/18/2023,1,5,12,13,24,9
2/20/2023,16,22,35,41,43,7
2/22/2023,3,24,31,35,37,4
2/25/2023,1,3,19,34,43,3
2/27/2023,2,5,6,14,37,1
3/1/2023,14,18,21,39,45,8
3/4/2023,12,25,35,40,42,6
3/6/2023,5,18,24,38,41,7
3/8/2023,7,10,16,35,46,5
3/11/2023,6,14,18,33,34,6
3/13/2023,19,35,42,45,47,2
3/15/2023,5,15,17,20,37,2
3/18/2023,7,8,31,32,48,5
3/20/2023,7,10,19,26,38,8
3/22/2023,12,20,24,33,38,2
3/25/2023,3,7,11,29,34,4
3/27/2023,1,11,23,34,41,9
3/29/2023,1,11,14,32,34,9
4/1/2023,12,17,35,44,48,8
4/3/2023,15,31,39,46,49,4
4/5/2023,16,29,31,33,39,2
4/8/2023,3,19,35,42,48,10
4/10/2023,10,15,24,45,49,2
4/12/2023,10,15,18,26,30,7
4/15/2023,15,17,19,29,32,10
4/17/2023,3,13,18,42,43,9
4/19/2023,5,34,41,43,46,5
4/22/2023,12,13,26,35,48,1
4/24/2023,1,23,25,41,49,2
4/26/2023,3,11,14,18,24,10
4/29/2023,3,22,36,40,48,5
5/1/2023,5,15,33,41,44,10
5/3/2023,13,17,20,23,45,8
5/6/2023,2,25,30,42,47,10
5/8/2023,4,16,39,43,47,5
5/10/2023,9,12,15,44,45,1
5/13/2023,6,9,25,34,43,5
5/15/2023,7,9,12,29,48,4
5/17/2023,2,8,11,40,47,7
5/20/2023,3,8,18,25,37,6
5/22/2023,22,33,37,42,43,4
5/24/2023,11,17,20,28,36,10
5/27/2023,9,24,25,31,34,9
5/29/2023,12,24,28,36,38,3
5/31/2023,9,13,28,40,43,3
6/3/2023,2,37,39,44,46,4
6/5/2023,3,10,13,25,46,5
6/7/2023,3,4,23,28,41,8
6/10/2023,11,16,28,32,49,10
6/12/2023,12,19,21,26,28,2
6/14/2023,9,12,14,16,33,2
6/17/2023,28,29,38,43,44,3
6/19/2023,29,38,39,42,49,3
6/21/2023,12,19,20,27,35,4
6/24/2023,2,3,21,30,40,4
6/26/2023,14,16,21,26,48,3
6/28/2023,12,34,36,42,49,10
7/1/2023,7,9,15,18,24,10
7/3/2023,2,8,23,35,42,7
7/5/2023,7,8,15,19,22,5
7/8/2023,6,10,19,32,48,5
7/10/2023,3,8,10,14,44,2
7/12/2023,18,26,27,31,34,8
7/15/2023,7,12,32,42,45,6
7/17/2023,6,9,20,41,47,9
7/19/2023,5,11,19,35,39,9
7/22/2023,31,33,36,37,42,3
7/24/2023,1,12,17,31,45,7
7/26/2023,11,17,18,28,49,7
7/29/2023,1,18,29,37,49,4
7/31/2023,1,4,22,33,47,1
8/2/2023,9,12,18,23,32,9
8/5/2023,2,7,10,40,42,2
8/7/2023,1,11,15,47,48,7
8/9/2023,3,6,14,31,45,9
8/12/2023,1,9,20,39,44,9
8/14/2023,3,13,27,44,49,9
8/16/2023,19,24,27,35,41,9
8/19/2023,4,8,11,27,32,10
8/21/2023,3,4,17,22,36,6
8/23/2023,8,25,29,34,46,7
8/26/2023,14,15,21,34,45,5
8/28/2023,9,23,28,35,37,7
8/30/2023,20,31,39,45,46,10
9/2/2023,1,7,10,33,47,10
9/4/2023,2,11,13,27,36,10
9/6/2023,4,15,30,33,47,10
9/9/2023,3,4,7,15,42,4
9/11/2023,13,28,31,40,44,6
9/13/2023,11,27,30,48,49,8
9/16/2023,15,32,40,42,43,4
9/18/2023,5,17,30,35,40,6
9/20/2023,16,19,29,37,48,1
9/23/2023,6,26,28,37,40,8
9/25/2023,4,13,21,27,46,4
9/27/2023,14,17,25,30,44,3
9/30/2023,23,25,33,41,48,1
10/2/2023,3,6,15,17,40,1
10/4/2023,21,26,27,31,40,1
10/7/2023,5,9,12,26,42,2
10/9/2023,9,16,23,30,32,6
10/11/2023,6,10,15,16,24,8
10/14/2023,4,13,14,20,27,1
10/16/2023,6,7,25,37,47,9
10/18/2023,3,13,22,46,49,1
10/21/2023,3,14,25,28,47,10
10/23/2023,3,10,22,26,40,4
10/25/2023,12,22,30,33,35,10
10/28/2023,22,31,32,34,38,2
10/30/2023,1,8,13,30,34,4
11/1/2023,1,16,27,32,46,1
11/4/2023,13,20,25,40,46,7
11/6/2023,10,18,31,34,40,10
11/8/2023,1,2,14,36,49,9
11/11/2023,17,19,22,25,35,6
11/13/2023,13,23,39,45,46,7
11/15/2023,2,7,16,22,30,1
11/18/2023,12,20,21,29,48,3
11/20/2023,15,30,34,41,46,2
11/22/2023,4,17,18,41,45,2
11/25/2023,1,9,11,13,19,8
11/27/2023,8,9,19,26,46,9
11/29/2023,6,10,21,30,31,1
12/2/2023,11,12,19,25,28,4
12/4/2023,8,10,38,41,44,2
12/6/2023,1,27,29,37,43,7
12/9/2023,15,28,34,36,40,10
12/11/2023,12,16,25,48,49,10
12/13/2023,4,7,18,19,22,10
12/16/2023,1,12,15,30,44,1
12/18/2023,3,15,16,30,41,9
12/20/2023,2,3,29,30,31,10
12/23/2023,5,26,28,29,39,10
12/25/2023,1,7,9,32,47,1
12/27/2023,13,16,26,28,41,8
12/30/2023,7,11,12,36,38,6
1/1/2024,4,6,13,16,41,10
1/3/2024,1,9,14,36,45,3
1/6/2024,19,22,40,45,49,2
1/8/2024,6,11,46,48,49,2
1/10/2024,12,28,32,38,45,9
1/13/2024,12,15,21,29,48,6
1/15/2024,7,11,15,19,23,4
1/17/2024,8,22,29,37,39,10
1/20/2024,19,41,42,43,45,2
1/22/2024,5,20,29,32,37,9
1/24/2024,9,25,31,32,34,5
1/27/2024,2,14,30,33,47,5
1/29/2024,8,9,15,26,27,4
1/31/2024,2,13,15,31,34,8
2/3/2024,4,12,15,23,42,1
2/5/2024,3,33,34,36,42,2
2/7/2024,6,13,23,24,34,4
2/10/2024,15,34,37,40,44,8
2/12/2024,5,30,36,40,43,1
2/14/2024,3,15,28,36,46,2
2/17/2024,2,13,19,23,36,3
2/19/2024,8,16,23,35,42,2
2/21/2024,9,22,33,42,45,3
2/24/2024,14,22,25,37,45,3
2/26/2024,7,8,20,30,45,10
2/28/2024,2,27,38,43,46,3
3/2/2024,13,17,20,26,27,4
3/4/2024,8,18,25,27,37,8
3/6/2024,8,12,43,46,49,8
3/9/2024,7,25,28,29,35,2
3/11/2024,16,18,36,45,48,10
3/13/2024,4,5,10,13,29,1
3/16/2024,10,12,25,37,49,2
3/18/2024,20,30,36,40,48,8
3/20/2024,3,22,24,32,46,5
3/23/2024,20,32,34,47,49,1
3/25/2024,1,22,26,31,37,5
3/27/2024,2,15,23,28,45,7
